a;b;c;d;gesamt;unter6;6-15;15-18;18-27;27-45;45-55;55-65;65undmehr;weiblich;Ausländer
01;10;01;01;3406;161;176;28;422;1144;356;404;715;1647;1418
01;10;01;02;1816;80;99;27;172;692;222;268;256;822;903
01;10;01;03;5333;268;317;115;629;1679;619;741;965;2459;1940
01;10;01;04;4694;248;381;115;803;1667;580;506;394;2140;1835
01;10;02;05;2784;119;149;36;363;1018;301;339;459;1323;1344
01;10;02;06;1806;98;96;32;158;629;273;263;257;861;663
01;10;02;07;8481;479;482;149;723;3057;1007;990;1594;4144;2952
01;10;03;08;7113;422;442;98;676;3019;1044;702;710;3462;2306
01;10;03;09;12307;673;893;326;1145;4538;2148;1544;1040;6001;3330
01;10;03;10;10045;496;544;147;1107;3991;1236;1024;1500;4758;3634
01;10;03;11;9205;504;638;172;1018;2640;882;930;2421;4768;2909
01;10;03;12;9877;580;548;127;873;3766;1046;1054;1883;4806;3093
01;10;03;13;11047;621;597;152;1543;3958;1313;1213;1650;5424;3639
01;10;04;14;5393;530;405;80;467;2774;576;313;248;2640;2241
01;10;04;15;12833;735;1075;300;1234;5073;2276;1344;796;6390;3544
01;10;04;16;13290;912;1141;276;1020;5519;2410;1174;838;6612;3573
01;20;05;17;3733;227;268;110;500;1504;398;415;311;1701;1528
01;20;05;18;6897;345;430;127;1221;2733;730;692;619;3148;3037
01;20;05;19;9080;460;612;194;1267;3420;1056;969;1102;4240;3369
01;20;05;20;9421;492;562;166;1230;3471;1070;1226;1204;4446;2766
01;20;05;21;5192;287;378;133;785;1850;619;573;567;2347;1951
01;20;05;22;11351;557;667;229;1238;3483;1393;1681;2103;5759;2307
01;20;06;23;10766;590;737;193;1525;4309;1250;1139;1023;5065;3385
01;20;06;24;6111;489;375;76;810;3307;497;297;260;2853;2985
01;20;06;25;6877;402;598;200;887;2203;833;713;1041;3357;2331
01;20;06;26;5840;288;359;99;608;1962;761;745;1018;2861;1518
01;20;06;27;3219;228;354;127;382;882;343;365;538;1591;1049
01;20;06;28;3252;174;170;72;311;1177;457;414;477;1523;770
01;20;06;29;5926;225;244;81;981;1801;622;702;1270;2876;2029
01;30;07;30;7917;560;834;261;1209;2589;929;773;762;3723;3722
01;30;07;31;8558;563;752;242;1215;2913;998;903;972;4102;3235
01;30;07;32;9758;711;922;307;1309;3428;1158;949;974;4702;3888
01;30;07;33;11486;691;1052;310;1550;4052;1421;1146;1264;5536;4382
01;30;08;34;14323;1104;1630;510;1728;4400;1703;1482;1766;7170;4422
01;30;08;35;10590;646;965;272;1538;2984;1201;1235;1749;5343;3330
01;30;08;36;14727;907;1286;442;2255;5210;1768;1397;1462;6914;5888
01;40;09;37;10614;575;679;230;1159;3364;1300;1474;1833;5197;3159
01;40;09;38;9666;516;656;223;1196;3643;1054;1060;1318;4616;3291
01;40;09;39;5952;375;385;112;754;2206;679;661;780;2915;2196
01;40;09;40;6773;440;486;124;599;1765;790;950;1619;3608;1148
01;40;09;41;3783;199;212;63;342;907;398;472;1190;1993;972
01;40;09;42;8662;475;516;176;1351;3321;1011;974;838;4223;3214
01;40;10;43;7671;422;635;253;1216;2401;935;856;953;3680;3157
01;40;10;44;10110;659;897;262;1342;3843;1189;969;949;4772;4449
01;40;10;45;5539;370;532;169;840;1979;666;532;451;2613;2468
01;40;10;46;8737;493;482;150;1287;3664;953;941;767;4084;2789
01;40;10;47;7829;435;540;179;1468;3221;815;629;542;3606;3942
01;40;10;48;9263;459;612;206;1464;3603;1055;998;866;4350;3608
01;40;10;49;6639;370;495;155;716;2160;751;773;1219;3265;2733
02;10;01;01;6216;366;512;171;811;2324;790;656;586;2910;2532
02;10;01;02;8637;545;837;305;1198;2629;1063;927;1133;4257;3071
02;10;01;03;5379;363;527;179;619;1719;694;628;650;2689;1685
02;10;01;04;5627;357;544;182;743;1625;793;708;675;2784;2121
02;10;01;05;9495;572;909;298;1149;2897;1267;1097;1306;4739;3280
02;10;01;06;4993;254;484;175;613;1468;685;663;651;2471;1622
02;20;02;07;2242;198;223;36;132;902;211;214;326;1114;532
02;20;02;08;5853;324;455;174;626;1957;787;814;716;2855;1643
02;20;02;09;10845;714;815;213;890;4008;1583;1376;1246;5298;2680
02;20;02;10;12225;702;808;249;1199;4587;1696;1644;1340;5928;3342
02;20;02;11;14689;818;895;312;1461;4907;2162;2328;1806;7297;3676
02;20;02;12;8537;547;755;224;832;2955;1206;1121;897;4242;2307
02;20;02;13;10142;535;708;202;866;3959;1429;1299;1144;5042;2966
02;30;03;14;7479;336;533;204;740;2454;1178;1076;958;3507;2738
02;30;03;15;8530;450;667;236;916;2888;1283;1171;919;4124;2892
02;30;03;16;4215;194;290;86;368;1508;612;582;575;2048;1248
02;30;04;17;8242;417;647;188;800;3192;1184;948;866;3934;2811
02;30;04;18;7653;406;516;137;650;2969;1215;967;793;3699;2282
02;30;04;19;10710;574;654;213;1097;4345;1580;1272;975;5107;3580
02;40;05;20;5673;317;387;119;458;1417;577;745;1653;2945;1209
02;40;05;21;7867;488;529;136;738;3079;842;790;1265;3990;1740
02;40;05;22;11223;772;747;164;882;4899;1430;996;1333;5616;2203
02;40;06;23;13383;877;846;247;1535;4807;1307;1267;2497;6712;4199
02;40;06;24;11459;553;679;182;1439;4750;1486;1091;1279;5400;2947
02;40;06;25;1093;43;98;33;130;635;73;55;26;497;653
02;50;07;26;9247;557;577;140;874;4804;1111;685;499;4348;2471
02;50;07;27;6586;447;430;110;605;3141;839;513;501;3177;1683
02;50;07;28;10036;675;708;191;886;5059;1405;711;401;4885;2394
02;50;07;29;5444;401;442;85;467;2601;727;402;319;2609;1233
02;50;08;30;3914;234;217;59;402;1929;542;295;236;1885;1105
02;50;08;31;7841;474;544;97;779;3907;996;632;412;3770;2175
02;50;08;32;9115;715;645;160;851;4906;1011;505;322;4320;2786
02;50;08;33;10186;606;484;113;989;5651;1300;704;339;4833;2971
02;50;08;34;11444;760;822;174;1168;5624;1667;761;468;5442;2848
02;50;08;35;7931;501;485;76;863;4092;835;543;536;3709;2330
02;50;08;36;4863;470;499;98;242;1790;742;471;551;2405;540
03;10;01;01;4592;377;449;85;343;1390;615;604;729;2174;520
03;10;01;02;3180;216;230;73;272;904;323;391;771;1622;669
03;10;01;03;8856;602;841;251;749;2074;916;1051;2372;4670;1204
03;20;02;04;2113;94;207;47;119;365;323;395;563;1035;105
03;20;02;05;8751;485;809;251;862;1941;1386;1325;1692;4578;827
03;20;02;06;6406;408;672;200;572;1585;1058;845;1066;3280;858
03;20;02;07;11427;708;1239;336;788;2900;1804;1682;1970;5837;1162
03;20;03;08;5193;278;554;148;385;1135;797;943;953;2643;297
03;20;03;09;5286;332;561;157;365;1197;783;892;999;2619;476
03;20;03;10;8018;541;797;270;579;1979;1082;1285;1485;4140;560
03;30;04;11;11592;991;1335;370;957;3189;1428;1472;1850;6042;1564
03;30;04;12;5137;269;415;120;299;958;712;1021;1343;2618;196
03;30;04;13;3092;139;327;93;201;546;482;606;698;1543;113
03;30;05;14;6860;337;682;204;405;1222;1028;1324;1658;3492;312
03;30;05;15;50;3;6;–;3;13;–;16;9;22;–
03;30;05;16;7982;462;697;197;698;1900;1113;1335;1580;3861;1217
03;30;05;17;1118;37;92;28;42;173;154;228;364;551;18
03;40;06;18;4854;308;500;173;433;1038;794;840;768;2445;368
03;40;06;19;10371;569;857;279;838;2393;1502;1612;2321;5388;1059
03;40;06;20;3545;164;381;120;281;671;613;529;786;1830;346
03;40;07;21;11607;842;1414;365;888;3664;2035;1173;1226;6004;1383
03;40;07;22;3610;202;392;146;235;719;612;490;814;1992;280
03;40;07;23;7067;566;734;165;567;2593;942;683;817;3600;971
03;40;07;24;7584;479;688;167;647;1929;1077;1006;1591;4128;614
03;40;07;25;7416;431;683;143;531;1710;884;1037;1997;4043;574
03;40;08;26;6789;430;650;145;558;2052;923;816;1215;3584;1063
03;40;08;27;9659;610;780;185;748;3487;1439;1043;1367;4945;1554
03;40;08;28;4818;293;308;73;383;1799;590;530;842;2449;871
03;40;08;29;5544;317;534;150;427;1568;733;726;1089;2910;625
03;40;08;30;9232;513;728;187;735;3019;1411;1226;1413;4888;942
03;40;08;31;–;–;–;–;–;–;–;–;–;–;–
03;50;09;32;5834;435;460;122;543;1683;720;790;1081;3034;1080
03;50;09;33;7632;417;709;193;571;2290;1061;931;1460;3964;863
03;50;09;34;10203;750;832;221;809;4200;1418;1024;949;4948;1931
03;50;09;35;6585;496;637;170;628;2466;975;670;543;3216;1200
03;50;09;36;9819;658;1102;299;795;3108;1526;1122;1209;5073;1432
03;50;10;37;8560;506;566;171;745;2612;995;1048;1917;4369;1231
03;50;10;38;7422;434;655;165;502;1868;940;1135;1723;3934;826
03;60;11;39;3751;238;247;56;379;1614;493;347;377;1844;889
03;60;11;40;5902;375;480;132;534;2598;993;448;342;2837;1241
03;60;11;41;6585;433;506;124;593;2862;1033;551;483;3315;1538
03;60;11;42;10748;654;904;214;961;4596;1952;897;570;5295;2698
03;60;12;43;6987;365;478;105;627;2990;1086;662;674;3495;1353
03;60;12;44;7546;413;509;121;662;2905;1279;784;873;3929;1340
03;60;12;45;12758;684;668;200;1151;5253;1591;1330;1881;6532;2448
03;60;13;46;5875;346;526;169;573;2238;1212;537;274;2908;1482
03;60;13;47;9376;604;903;238;768;3482;2018;963;400;4642;1949
03;60;13;48;7419;454;630;155;618;3094;1430;720;318;3756;1670
03;60;14;49;9890;394;551;161;691;2185;999;1177;3732;5345;1239
03;60;14;50;4116;409;416;102;450;1116;422;414;787;2021;1561
03;60;14;51;6296;366;483;102;544;2669;942;652;538;3161;1378
03;60;14;52;4412;283;270;65;444;1889;523;455;483;2205;1143
03;60;14;53;3017;286;498;128;156;1036;532;160;221;1498;529
03;70;15;54;11385;693;1024;295;1121;4303;2212;1168;569;5587;2883
03;70;15;55;7260;454;602;212;626;2679;1361;853;473;3626;1564
03;70;15;56;8636;681;763;232;670;3249;1496;921;624;4267;2356
03;70;16;57;3216;200;247;74;238;1027;398;390;642;1604;753
03;70;16;58;8395;529;763;214;779;3324;1514;827;445;4220;1861
03;70;16;59;9086;605;825;234;779;3361;1621;872;789;4593;2014
03;70;16;60;12708;787;1252;432;1039;4283;2478;1447;990;6391;2270
04;10;01;01;11396;638;820;234;1219;3025;1430;1534;2496;5732;3469
04;10;01;02;7755;513;805;220;736;1800;1017;1012;1652;4109;2186
04;20;02;03;1455;59;128;46;139;264;178;227;414;742;190
04;20;02;04;2841;130;161;53;154;556;241;338;1208;1512;617
04;20;02;05;2477;83;186;66;182;495;399;424;642;1294;420
04;20;02;06;2846;125;281;113;242;393;396;485;811;1459;356
04;20;02;07;3010;110;257;78;674;488;321;396;686;1491;781
04;20;03;08;6141;311;422;129;638;1353;715;891;1682;3178;1382
04;20;03;09;6784;298;419;135;630;1480;844;948;2030;3608;923
04;20;03;10;7618;322;515;184;748;1538;1023;1019;2269;4027;1536
04;20;03;11;7237;336;427;129;865;2057;832;1029;1562;3726;1709
04;30;04;12;3687;193;183;36;467;1278;356;368;806;1816;1417
04;30;04;13;10011;572;788;267;1136;2698;1373;1430;1747;5230;2480
04;30;04;14;10520;522;685;227;1064;2929;1376;1537;2180;5483;2255
04;30;04;15;6267;284;333;107;551;1578;739;936;1739;3358;1354
04;30;04;16;11650;561;714;245;1289;3320;1501;1730;2290;5920;2719
04;30;05;17;9436;461;528;148;1076;3007;1186;1445;1585;4798;2627
04;30;05;18;5717;290;346;113;630;1965;691;789;893;2839;1483
04;30;06;19;8583;413;490;161;826;2449;1080;1205;1959;4459;2164
04;30;06;20;3397;177;202;55;453;1361;414;377;358;1604;1234
04;30;06;21;10501;552;616;170;1030;3132;1343;1435;2223;5409;2851
04;30;06;22;5150;299;342;87;545;1748;583;602;944;2663;1663
04;30;06;23;11938;548;680;234;1522;3690;1541;1573;2150;5840;4127
04;30;06;24;9175;406;445;159;1026;2602;1213;1392;1932;4660;2569
04;40;07;25;107;3;–;–;12;46;25;9;12;40;65
04;40;07;26;5298;277;494;158;386;1037;710;707;1529;2715;1209
04;40;07;27;8251;400;554;148;760;2055;1093;1217;2024;4393;1774
04;40;07;28;3066;167;242;70;190;577;415;439;966;1638;587
04;40;07;29;2832;147;205;78;224;432;365;430;951;1502;566
04;40;08;30;7100;426;607;204;570;1665;846;918;1864;3791;1464
04;40;08;31;1510;51;137;42;115;192;216;221;536;808;205
04;40;08;32;6813;307;462;138;540;1207;972;1071;2116;3771;857
04;40;08;33;4119;186;252;62;265;824;442;638;1450;2189;790
04;40;08;34;3512;150;236;61;317;783;431;556;978;1853;581
04;40;08;35;10341;474;709;245;889;2228;1407;1670;2719;5612;1596
04;50;09;36;5499;262;346;107;562;1390;743;802;1287;2828;1413
04;50;09;37;7503;328;396;131;676;1994;982;1155;1841;3845;1801
04;50;09;38;7894;411;498;126;683;2217;983;1091;1885;4071;2094
04;50;09;39;6461;352;425;143;634;1793;825;940;1349;3373;1603
04;50;10;40;5865;272;344;130;506;1547;785;950;1331;3022;1465
04;50;10;41;5175;223;292;99;384;1182;759;883;1353;2628;1250
04;50;10;42;3492;158;233;79;324;951;500;477;770;1697;1264
04;50;10;43;10890;509;710;202;957;2901;1332;1622;2657;5578;2766
04;50;10;44;5224;253;317;92;497;1311;616;749;1389;2725;1308
04;50;10;45;9019;368;497;147;780;2379;1243;1345;2260;4561;2603
04;50;11;46;4456;287;285;79;481;1292;546;615;871;2282;1094
04;50;11;47;5471;273;386;125;607;1531;704;802;1043;2790;1361
04;50;11;48;4291;234;335;86;450;1177;533;609;867;2202;1029
04;50;11;49;9732;482;633;213;905;2466;1219;1440;2374;5085;2311
04;50;11;50;3038;112;167;49;270;816;368;419;837;1615;689
04;50;11;51;7338;342;528;167;753;2001;980;1046;1521;3792;1323
04;50;11;52;6756;248;411;120;640;1709;914;967;1747;3402;1734
04;50;11;53;7353;401;509;162;739;2258;901;972;1411;3667;1840
05;10;01;01;4126;285;337;102;311;878;462;625;1126;2221;312
05;10;01;02;4264;207;265;80;362;844;477;686;1343;2297;594
05;10;01;03;5922;592;509;101;640;1968;623;629;860;2974;1718
05;10;01;04;4955;333;506;136;409;1306;580;591;1094;2580;1078
05;10;01;05;7511;338;493;184;638;1650;928;1283;1997;3859;722
05;10;02;06;3552;220;433;150;339;711;361;457;881;1894;871
05;10;02;07;2298;104;134;55;252;500;299;502;452;1190;252
05;10;02;08;10744;755;1043;329;1001;2505;1222;1345;2544;5514;2799
05;10;02;09;11756;750;1189;366;1194;2788;1389;1599;2481;6133;2882
05;10;02;10;7666;455;613;142;785;2164;995;1113;1399;3961;1855
05;10;02;11;6015;290;452;168;514;1206;803;983;1599;3036;997
05;10;03;12;4030;232;326;79;531;1141;506;539;676;2032;1119
05;10;03;13;6134;403;610;201;583;1453;677;655;1552;3222;1797
05;10;03;14;7362;538;728;225;926;2319;897;865;864;3440;3267
05;10;03;15;6878;468;572;171;863;2030;843;952;979;3336;2074
05;10;03;16;10259;645;775;251;1123;2971;1323;1451;1720;5233;2413
05;10;03;17;3575;241;355;104;390;1018;440;432;595;1730;1319
05;20;04;18;3824;159;341;133;372;635;590;922;672;1894;262
05;20;04;19;1664;70;100;33;127;332;192;301;509;868;21
05;20;04;20;5770;272;439;153;546;1082;753;1067;1458;2893;871
05;20;04;21;4295;284;416;133;440;1028;528;480;986;2176;756
05;20;04;22;1095;76;115;25;151;284;155;178;111;534;104
05;20;04;23;6583;444;599;165;573;1543;675;836;1748;3548;1303
05;20;05;24;3319;179;371;135;340;720;513;522;539;1706;377
05;20;05;25;2414;151;207;45;144;576;344;385;562;1254;222
05;20;05;26;5644;413;741;206;575;1407;643;621;1038;2847;2224
05;20;05;27;11602;1005;1673;510;1285;2623;1340;1242;1924;5997;4093
05;20;05;28;7009;358;459;155;584;1337;760;1159;2197;3637;951
05;20;06;29;8167;506;538;160;922;2244;948;987;1862;4144;2118
05;20;06;30;9771;558;740;228;1040;2710;1305;1377;1813;4945;2342
05;20;06;31;8435;459;577;180;930;2464;1053;1258;1514;4220;2120
05;20;06;32;3673;217;403;115;362;873;470;530;703;1826;1083
05;20;06;33;2006;104;167;52;133;356;228;282;684;1117;258
05;20;06;34;4402;164;222;94;284;621;517;726;1774;2280;382
05;30;07;35;2912;319;282;86;484;979;351;244;167;1426;658
05;30;07;36;3651;317;514;159;352;973;505;423;408;1846;861
05;30;07;37;11550;714;833;237;1087;3018;1363;1664;2634;6028;2654
05;30;08;38;33;–;–;–;3;9;12;9;–;6;15
05;30;08;39;7595;432;721;255;823;1880;1035;1041;1408;3754;2270
05;30;08;40;466;22;29;12;34;137;59;68;105;236;120
05;30;08;41;4543;274;320;102;564;1452;506;555;770;2202;1259
05;40;09;42;3685;141;310;123;300;544;480;649;1138;1843;329
05;40;09;43;10400;659;1243;381;715;1891;1634;1552;2325;5285;640
05;40;09;44;2180;89;184;70;139;275;257;390;776;1124;149
05;40;09;45;3661;180;339;110;242;558;427;590;1215;1883;233
06;10;01;01;6858;279;462;193;653;1301;874;1017;2079;3700;937
06;10;01;02;8843;534;684;142;830;2523;1131;1265;1734;4617;1771
06;10;01;03;6168;349;423;128;590;1753;867;882;1176;3319;1000
06;10;02;04;6838;333;449;173;719;1713;886;1007;1558;3564;1280
06;10;02;05;9869;553;715;211;990;2688;1255;1483;1974;5194;1738
06;10;02;06;7686;379;523;172;745;1876;966;1101;1924;4109;1254
06;10;02;07;7876;452;490;149;783;2156;978;1086;1782;4148;1411
06;10;02;08;6816;363;481;115;693;1910;820;1008;1426;3480;1143
06;10;02;09;9241;516;598;162;874;2739;1187;1259;1906;4967;1804
06;10;02;10;4865;257;369;79;441;1344;624;743;1008;2576;798
06;20;03;11;4907;237;367;111;385;995;626;701;1485;2613;569
06;20;03;12;6092;337;445;147;532;1299;728;844;1760;3121;1159
06;20;03;13;7380;411;527;123;648;2082;897;1085;1607;3933;1307
06;20;03;14;7207;423;499;140;633;1902;969;1039;1602;3772;1138
06;20;03;15;5953;319;530;131;475;1335;778;897;1488;3160;950
06;20;03;16;5328;294;387;158;624;1253;593;680;1339;2854;1219
06;20;03;17;6360;340;467;163;515;1131;880;1081;1783;3297;621
06;20;04;18;3;–;–;–;–;–;3;–;–;–;3
06;20;04;19;4594;229;408;112;478;1129;465;554;1219;2314;1221
06;20;04;20;7138;376;558;181;587;1506;919;1080;1931;3736;1153
06;20;04;21;8309;425;608;219;713;1603;1053;1180;2508;4423;1281
06;20;04;22;7084;361;549;192;639;1350;947;1053;1993;3766;926
06;20;04;23;8576;445;811;246;673;1517;1088;1301;2495;4584;1145
06;30;05;24;5702;210;502;184;557;924;735;846;1744;2914;877
06;30;05;25;5654;299;421;123;492;1255;780;865;1419;3127;780
06;30;05;26;3317;193;306;100;306;674;456;517;765;1698;580
06;30;05;27;8337;383;570;164;781;1859;1040;1336;2204;4508;1217
06;30;05;28;10997;433;975;360;791;1717;1475;1614;3632;5922;1238
06;30;06;29;7054;313;496;166;656;1681;965;1028;1749;3685;1068
06;30;06;30;5630;319;450;160;647;1389;707;810;1148;2892;1425
06;30;06;31;2969;126;254;79;464;657;410;375;604;1503;716
06;30;06;32;13824;736;1445;463;1202;2728;2129;2047;3074;7009;1870
06;30;06;33;11981;574;976;338;1037;2543;1577;1905;3031;6244;1683
06;30;06;34;8451;410;772;290;687;1456;1189;1263;2384;4529;1068
06;40;07;35;10122;471;1011;277;695;1587;1492;1579;3010;5167;1287
06;40;07;36;5237;272;532;187;401;813;751;789;1492;2742;465
06;40;07;37;11237;441;986;333;1475;2007;1340;1543;3112;5756;2290
06;40;08;38;7413;360;612;215;557;1023;966;1276;2404;3928;665
06;40;08;39;5209;206;443;158;417;809;711;848;1617;2832;570
06;40;08;40;7170;277;600;247;626;1063;1035;1193;2129;3911;589
06;40;08;41;6001;287;451;186;495;1095;708;792;1987;3374;754
06;40;08;42;4808;315;596;193;396;950;867;663;828;2482;714
06;40;08;43;4797;211;444;186;450;706;695;813;1292;2512;831
06;40;08;44;7234;343;674;251;661;1293;984;974;2054;3772;1269
07;10;01;01;9719;413;535;155;748;2572;1406;1492;2398;4641;2685
07;10;01;02;8477;424;543;177;933;2419;1168;1247;1566;3854;2825
07;10;01;03;7675;405;562;233;844;2169;1119;1139;1204;3620;2751
07;10;02;04;10410;543;654;219;1019;3114;1404;1586;1871;5167;2476
07;10;02;05;5154;242;426;160;553;1533;712;693;835;2496;1955
07;10;02;06;8304;522;558;171;859;2707;1188;1262;1037;3978;2463
07;20;03;07;10501;497;634;208;968;2740;1448;1614;2392;5353;2064
07;20;03;08;10436;636;734;212;1080;3499;1322;1278;1675;5124;2879
07;20;04;09;9251;481;603;179;869;2783;1321;1507;1508;4702;1971
07;20;04;10;5619;369;439;144;683;1893;659;655;777;2750;1759
07;20;04;11;2763;161;174;62;281;916;369;432;368;1362;697
07;20;04;12;1706;160;107;24;365;792;112;89;57;841;645
07;20;04;13;7753;441;513;145;731;2781;1046;1203;893;3909;1570
07;20;04;14;3723;224;299;47;400;1342;506;494;411;1877;816
07;30;05;15;6809;347;494;168;565;1663;945;1101;1526;3651;845
07;30;05;16;8808;421;636;254;898;2270;1240;1386;1703;4684;1441
07;30;05;17;9180;560;784;247;891;2156;1189;1331;2022;4942;1646
07;30;06;18;9307;519;663;231;902;2390;1206;1435;1961;4870;1593
07;30;06;19;12234;781;982;295;1295;3587;1580;1737;1977;6285;2847
07;40;07;20;11909;613;883;252;1097;3229;1564;1821;2450;6211;2398
07;40;07;21;5375;333;631;188;542;1147;713;823;998;2761;750
07;40;08;22;2288;118;185;51;161;507;302;378;586;1166;248
07;40;08;23;9702;595;656;188;933;2895;1138;1374;1923;5129;1843
07;40;08;24;7264;475;516;126;786;2233;872;876;1380;3708;1650
07;40;08;25;7361;476;514;141;803;2449;954;958;1066;3784;1808
07;40;08;26;5140;267;327;105;426;1197;596;804;1418;2725;695
07;40;09;27;11225;702;835;247;1328;3337;1299;1407;2070;5709;3030
07;40;09;28;3897;275;296;62;439;1506;483;446;390;1868;1418
07;50;10;29;8044;492;575;168;774;2352;945;1103;1635;4057;1749
07;50;10;30;8716;487;670;156;842;2441;1016;1143;1961;4476;1913
07;50;10;31;9025;479;520;179;701;2332;1051;1367;2396;4780;1483
07;50;10;32;5579;327;368;152;520;1305;719;831;1357;2883;884
07;50;11;33;8012;407;551;189;832;1930;940;1038;2125;4207;1934
07;50;11;34;10540;586;781;235;891;2043;1256;1479;3269;5550;1489
07;50;11;35;2225;102;167;56;193;411;312;334;650;1113;261
07;60;12;36;10226;669;1039;343;1080;2338;1207;1253;2297;5131;2526
07;60;12;37;4766;231;380;154;391;897;691;755;1267;2375;558
07;60;12;38;2868;152;290;65;266;529;313;352;901;1487;522
07;60;13;39;5706;367;497;135;474;1233;632;695;1673;3091;912
07;60;13;40;6384;377;557;185;578;1437;754;836;1660;3387;1148
07;60;13;41;2247;124;160;54;191;438;284;366;630;1125;372
07;60;14;42;10413;552;830;276;903;1965;1329;1618;2940;5416;1136
07;60;14;43;10926;648;984;269;827;2121;1482;1725;2870;5684;1050
07;60;15;44;8883;598;776;212;780;1937;1055;1155;2370;4598;1408
07;60;15;45;8341;505;906;307;873;1680;946;1130;1994;4290;1937
07;60;15;46;6907;373;528;205;592;1298;956;1205;1750;3533;607
07;60;15;47;3832;269;332;99;285;697;483;570;1097;2007;469
07;60;15;48;2893;152;266;69;220;452;414;457;863;1492;263
08;10;01;01;4709;241;290;82;452;1987;571;598;488;2222;1826
08;10;01;02;8237;423;509;149;784;3822;981;839;730;3995;2975
08;10;01;03;7350;420;438;108;599;3492;867;770;656;3504;2383
08;10;01;04;6592;367;455;149;657;2956;783;689;536;3051;2370
08;10;01;05;5690;341;445;186;768;2185;545;434;786;2857;2179
08;10;02;06;9570;464;622;220;921;4341;1088;967;947;4688;3677
08;10;02;07;7465;447;761;274;862;2342;941;782;1056;3724;2578
08;10;02;08;12172;712;888;253;1256;5360;1373;1212;1118;5923;4350
08;10;02;09;8476;405;605;226;1117;3267;1011;868;977;4024;3378
08;10;03;10;7771;409;577;183;618;3321;1165;827;671;3929;2439
08;10;03;11;7267;366;426;106;590;3216;1035;850;678;3620;2291
08;10;03;12;11824;701;754;186;975;5323;1525;1214;1146;5865;3967
08;10;03;13;3832;209;238;60;340;1240;521;569;655;1925;860
08;10;03;14;8070;373;586;196;862;3668;946;732;707;3868;3302
08;10;04;15;6498;395;446;113;614;2961;665;654;650;3202;2219
08;10;04;16;6480;397;485;133;611;2789;696;709;660;3160;2182
08;10;04;17;9805;580;660;227;1044;4435;1114;949;796;4657;3531
08;10;04;18;9508;537;590;181;886;4224;1126;908;1056;4783;2908
08;10;04;19;7153;530;685;190;710;2776;776;714;772;3534;2957
08;10;05;20;5836;542;739;198;738;1584;665;657;713;2857;2213
08;10;05;21;9547;641;1277;367;1122;2414;1240;1112;1374;4707;2876
08;20;06;22;5645;444;579;190;731;1962;655;560;524;2626;2546
08;20;06;23;6016;432;538;136;574;1601;727;841;1167;2962;1498
08;20;06;24;8762;500;656;163;921;2555;1018;1235;1714;4524;2159
08;20;07;25;2462;101;215;73;227;481;355;457;553;1206;312
08;20;07;26;6172;356;552;167;500;1459;829;906;1403;3178;833
08;20;07;27;7921;406;490;127;691;2036;913;1309;1949;4238;1118
08;20;07;28;1211;60;60;24;108;221;151;218;369;662;179
08;20;07;29;1854;112;205;61;150;392;290;284;360;913;256
08;20;07;30;3381;103;260;90;354;661;462;547;904;1620;593
08;20;08;31;8319;466;595;157;680;1786;1111;1363;2161;4268;1068
08;20;08;32;11614;656;964;305;1023;2300;1414;1732;3220;6083;1676
08;20;08;33;8652;493;843;257;919;2005;1084;1091;1960;4277;2089
08;30;09;34;12550;907;1076;350;1189;2804;1347;1553;3324;6644;2740
08;30;09;35;7336;381;454;129;595;1570;802;982;2423;3889;1382
08;30;10;36;7141;487;606;241;635;1596;768;897;1911;3779;1485
08;30;10;37;10798;802;997;309;1131;2636;1297;1437;2189;5562;2608
08;40;11;38;2897;188;269;84;218;532;320;351;935;1556;412
08;40;11;39;4106;198;228;74;372;856;512;636;1230;2114;646
08;40;11;40;2665;140;227;73;252;578;310;449;636;1360;415
08;40;12;41;8179;442;677;253;759;1513;1118;1246;2171;4106;1301
08;40;12;42;6808;352;593;181;547;1198;872;1196;1869;3451;742
08;40;12;43;10005;585;773;241;860;2013;1248;1607;2678;5077;1433
08;40;12;44;7145;401;657;192;549;1303;976;1108;1959;3688;598
08;40;12;45;3727;271;324;119;382;878;520;520;713;1974;408
08;40;12;46;7882;499;716;237;705;1556;1037;1209;1923;4162;915
09;10;01;01;13108;951;1166;294;926;5113;1921;1397;1340;6583;2597
09;10;02;02;4310;298;392;98;296;1420;592;509;705;2196;484
09;10;02;03;6901;288;297;82;650;2153;778;970;1683;3552;967
09;10;03;04;11766;650;709;163;908;3862;1195;1329;2950;6161;1373
09;10;03;05;4022;218;226;57;391;1586;447;428;669;2063;526
09;10;03;06;3101;197;300;116;246;562;423;578;679;1569;543
09;10;04;07;8446;447;543;158;562;1978;916;1198;2644;4493;690
09;10;04;08;8225;538;645;163;784;2640;926;1091;1438;4191;857
09;10;04;09;3861;237;350;161;422;819;674;610;588;1950;401
09;20;05;10;7562;543;562;145;1101;3033;767;708;703;3529;2004
09;20;05;11;12795;988;1050;267;1610;4502;1384;1387;1607;6423;2195
09;20;05;12;3766;231;250;62;576;1467;342;356;482;1787;811
09;20;06;13;9999;733;698;167;1428;3969;917;875;1212;4747;2704
09;20;06;14;3560;161;257;85;250;713;398;570;1126;1806;227
09;20;07;15;3068;323;189;28;537;1328;229;205;229;1435;931
09;20;07;16;7699;494;613;166;828;2316;908;915;1459;3885;1338
09;20;07;17;9561;572;660;198;915;2980;1168;1280;1788;4754;1420
09;20;08;18;3342;216;242;60;315;1068;425;420;596;1708;323
09;20;08;19;8359;582;751;223;852;2687;952;976;1336;4147;1435
09;30;09;20;12261;913;1222;338;945;2950;1634;1973;2286;6230;1173
09;30;09;21;2740;150;256;61;190;661;409;464;549;1392;186
09;30;09;22;5916;417;600;206;513;1403;713;1003;1061;3068;808
09;30;09;23;8140;636;979;260;721;1979;1139;1270;1156;4059;888
09;30;10;24;2663;200;229;63;191;689;351;398;542;1388;187
09;30;10;25;10939;582;941;268;859;2288;1513;1969;2519;5462;1153
09;30;11;26;7480;507;491;134;494;2105;930;1013;1806;3817;794
09;30;12;27;1883;106;152;54;85;322;271;289;604;944;67
09;30;12;28;2652;165;226;63;159;545;384;492;618;1337;151
09;40;13;29;10151;408;618;174;570;1911;1211;1864;3395;5301;432
09;40;13;30;1869;81;179;42;78;350;276;348;515;958;90
09;40;14;31;5393;259;319;89;295;1087;504;601;2239;2994;261
09;40;14;32;1567;120;143;39;106;370;185;228;376;821;165
09;40;14;33;4483;229;276;124;374;910;396;583;1591;2263;532
09;40;15;34;7372;554;737;196;731;2273;870;969;1042;3734;1091
09;40;16;35;6908;322;615;146;343;1334;956;1417;1775;3447;251
09;50;17;36;4618;281;332;101;313;1052;577;682;1280;2426;391
09;50;17;37;14446;787;1153;391;817;2931;1923;2211;4233;7855;715
09;50;18;38;10233;571;863;258;641;1946;1419;1788;2747;5150;680
09;50;19;39;6414;447;462;115;606;2175;694;759;1156;3266;798
09;50;19;40;2708;188;187;46;276;965;337;289;420;1338;336
09;50;19;41;2755;145;129;33;146;784;287;404;827;1448;243
09;50;20;42;4164;276;292;94;317;1072;522;549;1042;2147;308
09;50;20;43;9151;387;585;173;635;1967;1070;1425;2909;4935;485
10;10;01;01;5732;418;565;175;500;1631;648;950;845;2905;1041
10;10;01;02;3524;261;331;104;316;981;384;584;563;1742;763
10;10;01;03;7677;471;749;250;724;1959;748;1278;1498;3790;1163
10;10;01;04;7577;505;918;299;728;2143;875;1198;911;3719;1037
10;10;02;05;1275;124;110;51;205;462;132;138;53;377;814
10;10;02;06;11192;740;1084;294;1167;3048;1041;1379;2439;5716;1723
10;10;02;07;8177;456;779;222;721;2391;822;1230;1556;4006;909
10;10;02;08;9401;492;622;138;914;2429;841;1214;2751;4685;1453
10;10;02;09;8311;508;778;244;736;2138;796;1050;2061;4080;1610
10;10;02;10;10756;585;928;311;904;2588;1044;1256;3140;5447;1543
10;10;03;11;2221;147;160;45;177;599;267;348;478;1037;388
10;10;03;12;15087;769;1149;359;1327;3837;1427;1762;4457;7670;2327
10;10;03;13;4734;262;295;85;455;1071;462;754;1350;2317;923
10;10;03;14;6320;289;533;155;438;1406;665;736;2098;3274;670
10;10;03;15;7341;440;668;203;669;1809;703;879;1970;3734;987
10;10;03;16;3708;292;316;70;196;956;338;519;1021;2039;213
10;20;04;17;7180;592;993;295;725;2123;724;1002;726;3660;1470
10;20;04;18;5940;416;481;130;559;1875;572;973;934;3005;623
10;20;04;19;3554;270;354;96;362;1169;390;525;388;1732;1046
10;20;04;20;7205;570;744;194;633;2038;725;1235;1066;3672;1604
10;20;04;21;1754;117;190;52;188;584;190;188;245;869;537
10;20;04;22;6622;530;765;232;722;1928;694;931;820;3241;2151
10;20;04;23;5899;435;674;172;695;1987;644;785;507;2834;1349
10;20;05;24;10600;840;849;211;958;2914;1090;2024;1714;5523;1753
10;20;05;25;5328;463;653;178;453;1508;632;871;570;2683;1088
10;20;05;26;6054;502;844;209;578;1922;604;777;618;2932;1556
10;20;06;27;3474;204;237;47;282;1162;342;622;578;1726;477
10;20;06;28;6479;614;753;196;591;2026;647;951;701;3274;1187
10;20;06;29;8973;476;645;154;625;2362;823;1306;2582;4812;926
10;20;06;30;6452;323;470;135;388;1332;626;1471;1707;3369;474
10;30;07;31;7712;332;504;146;693;1471;899;1403;2264;3863;822
10;30;07;32;7052;471;480;145;712;1840;789;1031;1584;3489;883
10;30;07;33;4729;355;409;89;475;1309;529;641;922;2432;706
10;30;07;34;10361;549;971;278;518;1997;1415;1978;2655;5229;553
10;40;08;35;7774;407;654;193;439;1610;998;1787;1686;3944;349
10;40;08;36;3871;242;294;94;260;857;526;689;909;1950;288
10;40;08;37;7711;356;722;186;389;1395;1100;1522;2041;3895;189
10;40;09;38;9974;589;910;223;465;2070;1348;2107;2262;5023;371
10;40;09;39;4426;269;358;108;268;988;553;842;1040;2231;265
10;40;09;40;5788;262;514;119;306;1010;797;1281;1499;2890;186
10;40;09;41;9694;524;939;243;535;1911;1416;1933;2193;4852;303
11;10;01;01;3283;140;267;106;195;646;462;793;674;1580;143
11;10;01;02;2700;276;326;97;280;815;289;394;223;1279;742
11;10;02;03;8955;704;984;275;752;2483;946;1518;1293;4568;1993
11;10;02;04;7000;458;718;219;595;1884;775;1226;1125;3483;1556
11;10;02;05;6152;435;545;183;509;1507;622;1165;1186;3206;1303
11;10;02;06;7571;609;828;178;639;2211;713;1101;1292;3874;1714
11;10;03;07;11761;697;1082;332;921;2775;1089;2139;2726;5990;2287
11;10;03;08;9591;653;980;256;808;2493;1051;1601;1749;4719;1911
11;10;03;09;6010;350;426;136;498;1589;510;946;1555;2999;1021
11;20;04;10;10088;819;1085;258;822;2653;1162;1468;1821;5014;2377
11;20;04;11;6786;392;594;183;515;1750;688;894;1770;3465;1039
11;20;05;12;3887;264;465;122;266;855;486;537;892;2022;603
11;20;05;13;10037;737;779;177;938;3558;1233;1166;1449;5031;2095
11;20;05;14;15627;1051;1337;389;1416;4149;1737;1800;3748;8089;3106
11;20;05;15;4215;302;323;101;285;1214;497;636;857;2117;563
11;30;06;16;5988;329;429;123;550;1731;566;586;1674;3046;1339
11;30;06;17;4275;220;227;82;323;1065;391;532;1435;2213;664
11;30;06;18;3728;212;214;44;397;1300;386;398;777;1910;768
11;30;06;19;8472;338;528;164;1256;2308;818;921;2139;4266;2062
11;30;06;20;11227;667;844;246;1084;3316;1237;1183;2650;5659;2490
11;30;07;21;5405;232;337;62;910;2078;634;564;588;2068;3105
11;30;07;22;10088;683;673;142;867;4054;1034;1010;1625;5135;1510
11;30;07;23;2358;167;181;67;415;792;404;251;81;845;1336
11;30;07;24;4039;233;233;83;435;1600;441;440;574;2019;736
11;30;07;25;9958;778;735;160;988;3973;1060;942;1322;5090;1618
11;30;08;26;9852;536;757;222;1187;2766;996;1208;2180;4962;2424
11;40;09;27;4188;370;418;119;345;1808;629;363;136;2023;691
11;40;09;28;2406;204;162;49;228;1092;249;194;228;1153;542
11;40;09;29;16263;1166;1145;245;1648;7510;1770;1425;1354;7915;3219
11;40;09;30;4687;280;182;48;484;1827;459;540;867;2462;505
11;40;09;31;6754;343;502;144;656;2005;673;767;1664;3327;1236
11;40;10;32;6011;291;316;92;762;2182;514;570;1284;2892;1625
11;40;10;33;6776;498;639;175;661;2162;624;693;1324;3398;1582
11;40;10;34;3345;214;249;58;334;1042;294;350;804;1701;765
11;40;11;35;10768;871;717;206;1070;2945;910;1033;3016;5700;2255
11;40;11;36;8105;337;323;81;1023;2192;700;1022;2427;4260;1441
11;40;11;37;8659;553;651;216;827;2321;849;984;2258;4457;1810
11;50;12;38;4266;435;501;138;300;1423;605;390;474;2126;586
11;50;13;39;10338;889;874;177;1193;3586;1158;1152;1309;5171;1670
11;50;13;40;10657;701;1068;296;637;2748;1415;1538;2254;5567;768
11;50;13;41;7410;436;986;241;614;2016;1156;933;1028;3706;741
12;10;01;01;10965;798;907;288;1278;3459;1260;1344;1631;5367;3716
12;10;01;02;9859;594;870;278;1209;2887;1288;1308;1425;4803;3105
12;10;01;03;7587;417;476;158;836;2207;987;1067;1439;3794;2003
12;10;02;04;8822;544;648;176;966;2520;977;1133;1858;4498;2425
12;10;02;05;13877;842;1008;333;1581;3954;1661;1882;2616;6936;3798
12;10;02;06;4613;259;282;68;428;1221;600;749;1006;2296;842
12;20;03;07;2714;126;193;70;238;759;371;426;531;1339;687
12;20;03;08;5644;274;365;126;549;1414;634;828;1454;2884;1356
12;20;03;09;10813;672;881;292;1422;3145;1306;1421;1674;5281;3813
12;20;03;10;8211;589;816;273;1041;2200;969;1007;1316;4059;3006
12;20;04;11;362;15;30;18;47;83;59;58;52;157;156
12;20;04;12;6398;337;518;137;566;1668;898;929;1345;2851;1268
12;20;04;13;8026;504;622;238;789;1963;1025;1124;1761;4172;1865
12;20;04;14;1431;82;103;30;118;274;201;258;365;672;188
12;20;05;15;10973;559;594;174;863;2573;1313;1585;3312;5927;1589
12;40;06;16;5960;282;499;194;372;859;811;1057;1886;3058;348
12;40;06;17;6786;315;584;200;468;1011;975;1326;1907;3444;364
12;40;06;18;3762;238;362;76;237;701;446;642;1060;1910;244
12;40;06;19;7733;379;647;234;587;1258;989;1297;2342;3961;515
12;40;07;20;8538;409;775;241;576;1181;1185;1379;2792;4487;434
12;40;07;21;8002;381;795;262;580;1135;1149;1331;2369;4091;536
12;40;07;22;8519;411;742;225;585;1348;1151;1408;2649;4398;554
12;40;07;23;8125;427;658;219;586;1316;1049;1367;2503;4262;637
12;50;08;24;9641;465;611;161;789;2055;1222;1593;2745;5176;786
12;50;08;25;6731;336;389;143;696;1803;844;1083;1437;3337;1262
12;50;09;26;5089;235;226;79;491;1122;528;766;1642;2616;825
12;50;09;27;6445;329;455;171;571;1233;791;1154;1741;3319;793
12;50;09;28;5107;299;416;124;441;1029;687;785;1326;2648;471
12;50;09;29;5137;245;483;164;384;874;732;864;1391;2599;323
12;50;09;30;10302;519;766;211;1154;2524;1286;1480;2362;4864;2563
12;60;10;31;3233;127;183;63;273;555;405;581;1046;1645;454
12;60;10;32;5920;510;758;252;672;1365;716;614;1033;2945;1914
12;60;11;33;11412;860;1460;434;1168;2749;1336;1244;2161;5821;3052
12;60;11;34;15316;1153;1743;574;1601;3351;1733;1753;3408;7982;3662
12;60;12;35;10598;781;1482;461;1241;2430;1283;1167;1753;5421;3260
12;60;12;36;3121;130;228;94;318;640;356;481;874;1582;597