PLR-ID;PLR-Name;EW 31.12.2020;K 01;K 02;K 03;K04;K 05;K16;K 06;K 17;K 07;K 09;K 10;K 11;K 12;K 13
01100101;Stülerstraße;3419;2.82;25.62;9.73;83.18;59.93;40.57;-1.31;70.44;8.55;0.00;55.92;38.36;0.51;-4.83
01100102;Großer Tiergarten;1791;0.00;26.97;4.59;88.28;66.95;50.75;6.17;71.29;3.08;0.61;40.15;49.56;5.18;1.51
01100103;Lützowstraße;5211;3.85;27.27;20.20;80.80;58.36;35.56;0.80;65.84;21.04;6.04;57.49;29.78;2.41;0.30
01100104;Körnerstraße;4636;4.38;24.24;28.32;79.95;64.58;38.55;-1.40;75.94;25.29;8.24;59.03;32.69;-2.09;-2.65
01100205;Wilhelmstraße;2573;2.52;20.20;4.32;85.62;61.91;44.07;3.08;74.25;7.05;0.00;56.44;42.22;3.04;-5.98
01100206;Unter den Linden;1803;0.00;32.30;2.49;80.95;52.47;36.22;-0.36;68.45;5.94;0.00;50.79;34.69;1.29;-8.39
01100207;Leipziger Straße;8312;2.11;19.94;4.64;79.71;51.62;33.85;0.55;68.05;10.67;0.00;54.21;30.87;-0.08;-4.52
01100308;Charitéviertel;6967;0.88;23.75;3.38;54.28;44.17;30.90;0.36;60.15;3.89;0.30;50.52;37.97;-0.61;-11.17
01100309;Oranienburger Straße;12352;1.52;32.90;5.66;52.92;40.97;26.78;-0.49;63.57;10.52;0.00;63.34;27.41;-1.51;-3.79
01100310;Alexanderplatzviertel;9903;1.98;28.38;7.76;70.23;48.92;35.04;0.11;68.59;10.86;0.00;57.07;37.78;-0.61;-0.48
01100311;Karl-Marx-Allee;9013;3.69;36.47;3.77;77.85;45.87;29.47;3.35;74.96;26.92;0.00;67.18;24.15;1.65;2.01
01100312;Heine-Viertel West;9422;2.16;22.18;2.59;69.44;44.45;29.35;3.12;75.19;8.55;0.00;54.47;31.61;6.83;12.29
01100313;Heine-Viertel Ost;10779;1.23;25.18;2.47;62.22;46.08;31.05;1.18;70.15;9.73;0.00;55.74;31.95;0.31;-4.14
01100414;Nordbahnhof;5178;1.43;13.96;6.77;68.16;53.82;40.09;-0.91;69.27;6.40;0.00;32.30;38.10;0.41;-2.00
01100415;Invalidenstraße;12593;1.40;29.24;6.86;47.00;40.04;26.70;-1.32;59.99;6.69;0.00;61.08;31.91;-1.88;-7.22
01100416;Arkonaplatz;13443;1.28;28.31;5.46;48.76;40.42;26.92;-0.75;56.92;5.61;0.00;57.61;30.31;-1.72;-6.32
01200517;Huttenkiez;3725;4.94;31.42;25.36;84.45;57.64;39.54;0.47;61.30;33.96;100.00;56.56;33.33;-2.03;-6.72
01200518;Beusselkiez;6866;5.24;31.62;23.92;84.66;62.89;43.50;0.56;64.88;25.88;100.00;51.22;41.13;0.84;-6.03
01200519;Emdener Straße;9103;5.14;31.20;15.97;71.16;53.75;36.07;-0.01;65.28;27.01;99.44;57.28;33.42;-1.89;-10.72
01200520;Bremer Straße;9433;4.77;28.52;16.02;67.12;48.02;29.47;-0.12;66.44;23.52;100.00;61.56;28.71;-1.32;-6.24
01200521;Zwinglistraße;5235;5.19;28.57;22.73;80.82;58.97;36.68;-1.46;59.74;31.20;100.00;59.80;31.74;-2.06;-5.97
01200522;Elberfelder Straße;11333;2.15;23.67;7.71;51.62;35.60;20.00;-0.39;63.48;15.64;1.62;68.22;22.33;-0.54;-4.15
01200623;Stephankiez;10825;4.89;23.71;16.06;68.50;50.49;30.67;-0.70;64.76;23.41;99.97;59.26;30.98;-1.55;-4.89
01200624;Heidestraße;5178;3.54;15.83;14.12;84.08;67.32;45.19;10.20;74.66;9.07;55.02;22.71;72.65;42.94;33.44
01200625;Lübecker Straße;6976;7.60;28.36;19.43;81.78;59.76;34.03;0.34;70.35;35.95;100.00;67.36;24.67;-0.79;-5.07
01200626;Thomasiusstraße;5935;2.04;22.82;10.06;58.24;42.90;25.73;-2.72;61.82;12.08;0.52;63.19;34.77;-2.55;-1.30
01200627;Zillesiedlung;3280;6.98;30.30;21.31;85.71;64.79;33.23;-0.42;80.83;42.90;100.00;68.09;19.86;-1.41;2.29
01200628;Lüneburger Straße;3132;1.09;28.32;14.32;67.16;42.40;22.77;0.56;60.87;10.96;0.00;63.68;27.46;1.18;0.36
01200629;Hansaviertel;5807;1.19;24.20;9.39;60.12;47.89;34.06;0.22;64.36;6.79;0.00;60.57;29.80;0.33;-7.02
01300730;Drontheimer Straße;7957;9.68;32.10;18.94;88.74;71.47;46.70;-1.12;65.74;42.54;99.55;60.92;34.38;-2.80;0.01
01300731;Koloniestraße;8545;7.37;31.72;18.94;81.40;58.27;37.78;-0.78;64.87;41.96;100.00;62.11;29.15;-0.89;-3.41
01300732;Soldiner Straße;9879;7.17;32.99;18.92;83.85;62.24;39.49;-0.59;67.65;46.05;99.96;63.19;25.11;-1.43;-6.88
01300733;Gesundbrunnen;11665;6.29;27.86;14.86;83.59;61.93;37.88;-1.06;69.72;39.43;99.95;64.48;26.20;-2.14;-5.04
01300834;Brunnenstraße;14193;7.78;24.54;19.62;86.53;66.36;30.32;-0.52;80.41;43.70;99.24;67.42;19.09;0.38;1.31
01300835;Humboldthain Süd;10443;3.39;29.19;11.38;83.87;59.60;30.22;1.54;75.19;29.72;100.00;67.85;24.37;1.21;-0.93
01300836;Humboldthain Nordwest;14657;6.69;28.22;17.95;86.37;64.58;39.93;-0.43;70.42;40.42;99.32;60.76;31.32;-0.41;-3.97
01400937;Afrikanische Straße;10804;4.15;36.58;12.38;71.96;48.24;28.98;0.42;64.39;31.23;100.00;65.53;23.05;-0.71;-6.92
01400938;Kameruner Straße;9725;6.17;28.14;12.42;75.23;52.66;34.25;-0.63;60.70;30.22;100.00;61.88;30.32;-1.68;-7.81
01400939;Glasgower Straße;5926;4.05;33.72;7.34;74.46;51.91;36.16;0.54;63.37;30.08;100.00;60.11;28.60;-0.23;-6.27
01400940;Schillerpark;6794;5.22;38.20;7.33;62.87;35.37;16.09;1.03;67.15;35.74;50.97;70.24;15.54;-0.06;-6.59
01400941;Londoner Straße;3786;3.30;29.60;7.38;80.41;44.40;24.56;1.14;66.56;28.15;100.00;66.98;19.80;1.41;-2.63
01400942;Westliche Müllerstraße;8643;4.01;30.10;16.37;77.08;53.72;36.63;-0.70;63.55;29.80;100.00;56.66;36.88;-0.39;-3.40
01401043;Antonstraße;7739;6.91;27.74;18.55;87.97;66.89;40.03;-1.91;68.66;42.20;98.85;64.58;26.02;-0.70;-5.62
01401044;Uferstraße;10224;7.71;28.59;18.63;87.79;67.42;43.61;-1.18;64.07;38.76;100.00;61.36;27.23;-2.43;-1.65
01401045;Schwedenstraße;5722;7.94;28.47;18.54;91.01;72.95;45.79;-0.76;67.98;40.09;100.00;63.50;31.00;-1.62;-4.91
01401046;Nordufer;8781;4.29;28.89;19.07;70.92;49.28;31.39;-1.61;62.59;24.11;99.69;55.58;33.55;-2.60;-9.14
01401047;Sparrplatz;7867;6.22;26.75;18.98;83.03;69.52;50.82;-0.10;70.81;25.16;100.00;56.51;37.30;-1.35;-8.20
01401048;Leopoldplatz;9098;5.57;26.64;22.32;77.30;58.97;37.28;-0.78;64.86;32.54;100.00;62.29;30.92;-1.15;-3.74
01401049;Schulstraße;6689;8.06;33.03;22.32;84.51;61.20;42.07;-0.48;61.55;43.43;100.00;60.04;25.60;-2.64;-9.47
02100101;Askanischer Platz;6281;7.17;23.04;24.69;88.92;69.51;40.44;-4.42;71.42;25.85;95.59;57.21;49.03;-4.59;-11.75
02100102;Mehringplatz;8647;8.56;25.31;25.96;91.87;71.10;34.91;-0.26;75.22;34.82;100.00;65.45;27.64;0.91;0.78
02100103;Am Berlin Museum;5382;5.61;26.10;25.93;85.05;63.36;32.33;1.48;76.90;35.28;100.00;66.76;24.04;1.23;-1.43
02100104;Moritzplatz;5567;5.63;29.26;18.58;91.74;69.32;37.26;0.02;82.64;38.85;100.00;71.88;21.44;0.06;-2.42
02100105;Prinzenstraße;9604;8.47;29.52;18.54;89.68;71.25;34.66;0.02;81.32;42.60;100.00;76.16;18.55;-1.06;-5.25
02100106;Wassertorplatz;5009;8.44;25.20;26.85;82.91;65.34;31.90;-0.76;78.91;45.62;100.00;71.51;18.75;-0.70;-5.59
02200207;Gleisdreieck;2067;0.00;13.39;2.74;52.22;40.11;23.22;1.77;65.42;5.12;55.73;19.46;31.08;6.28;-4.08
02200208;Rathaus Yorckstraße;6008;5.34;28.88;14.01;53.41;44.32;28.15;-0.92;62.33;22.68;31.09;62.74;32.97;-1.23;-6.99
02200209;Viktoriapark;10969;3.08;22.33;12.60;51.49;40.62;24.86;0.02;58.20;15.01;2.87;62.82;27.64;-0.96;-2.42
02200210;Urbanstraße;12384;3.36;28.52;13.44;53.31;43.77;27.72;0.11;58.00;16.88;0.00;63.10;28.07;-2.12;-7.43
02200211;Chamissokiez;14760;4.86;29.87;13.55;53.79;41.84;24.69;-0.87;61.06;14.47;0.00;66.40;26.97;-1.49;-5.31
02200212;Graefekiez Süd;8602;8.63;30.30;16.51;64.00;50.36;27.13;0.05;65.81;28.23;12.71;69.36;21.36;-0.46;-4.64
02200213;Graefekiez Nord;10284;5.88;28.47;16.49;55.82;45.58;29.22;0.66;57.00;18.29;30.31;64.05;27.29;-1.15;-6.21
02300314;Oranienplatz;7587;7.86;30.71;20.99;73.66;60.96;36.84;-1.04;80.39;33.65;100.00;73.10;20.87;-1.20;-3.63
02300315;Lausitzer Platz;8723;6.93;32.14;21.55;69.46;57.77;34.84;0.67;74.23;29.32;100.00;70.26;24.51;-1.47;-4.04
02300316;Köpenicker Straße;4215;5.67;32.88;21.68;63.71;49.37;28.99;-0.33;68.09;25.81;100.00;68.52;22.08;-0.57;-6.89
02300417;Reichenberger Straße West;8433;6.74;31.28;18.64;67.81;55.09;34.31;-0.64;68.48;24.75;100.00;65.66;25.87;-1.04;-6.39
02300418;Reichenberger Straße Ost;7710;7.29;31.16;18.16;54.73;48.02;30.43;0.19;62.23;19.53;90.86;66.00;26.53;-1.60;-5.40
02300419;Wrangelkiez;10903;4.86;30.19;15.88;59.27;51.27;33.33;-0.11;65.66;20.82;100.00;66.41;27.60;-1.68;-8.82
02400520;Barnimkiez;5451;5.91;41.13;2.22;59.52;31.66;17.68;1.62;73.13;27.62;0.00;71.08;17.74;2.34;15.91
02400521;Friedenstraße;7858;1.87;33.20;3.87;50.99;33.98;21.37;1.78;63.07;18.06;0.00;58.75;28.68;2.75;2.58
02400522;Richard-Sorge-Viertel;11262;2.61;28.13;3.13;41.44;29.56;18.93;1.64;57.13;13.94;0.00;59.13;27.46;0.40;-7.52
02400623;Andreasviertel;13307;3.89;37.99;5.79;68.81;45.69;29.58;2.36;75.74;21.69;0.00;58.13;28.15;0.77;0.03
02400624;Weberwiese;11314;1.90;28.83;3.96;37.31;33.44;23.93;4.14;58.33;9.69;0.00;58.52;36.02;1.02;-6.23
02400625;Wriezener Bahnhof;1136;9.24;22.35;22.73;92.27;68.84;60.83;1.43;43.42;27.03;56.43;46.75;42.67;-1.64;-18.47
02500726;Hausburgviertel;9134;2.60;31.96;9.26;43.42;35.76;25.13;3.01;58.08;14.51;0.00;53.85;33.07;-0.82;-10.26
02500727;Forckenbeckplatz;6623;2.95;28.31;9.81;45.15;36.57;25.92;1.57;50.26;11.69;0.00;50.61;32.59;0.87;-6.99
02500728;Samariterviertel;10109;2.28;30.12;9.71;35.14;33.02;23.28;2.05;53.42;11.59;0.00;55.78;33.17;0.92;-3.63
02500729;Pettenkofer Straße;5441;2.66;27.67;9.72;39.96;33.36;21.85;1.21;54.75;13.31;0.00;58.82;27.89;-1.31;-5.83
02500830;Niederbarnimstraße;3931;3.57;30.86;9.90;48.13;38.39;26.23;0.72;52.28;11.22;0.00;54.79;35.28;0.50;-1.24
02500831;Wismarplatz;7877;2.86;32.59;10.08;46.24;37.77;27.29;2.77;57.16;17.99;0.00;52.88;35.19;-1.43;-5.81
02500832;Traveplatz;9064;4.99;29.55;10.19;50.62;41.02;29.78;3.18;59.58;21.98;0.00;46.76;37.95;3.48;0.41
02500833;Boxhagener Platz;10190;2.09;29.44;7.19;37.81;37.07;28.02;1.90;52.22;10.25;0.00;51.95;38.10;-0.26;-12.61
02500834;Revaler Straße;11378;1.91;27.44;7.05;35.81;34.85;24.35;2.63;51.93;8.82;0.00;51.51;34.71;-0.39;-5.68
02500835;Stralauer Kiez;7868;2.70;28.13;7.31;45.17;38.22;27.31;2.73;52.30;11.06;15.84;48.72;35.89;0.87;-6.96
02500836;Stralauer Halbinsel;4709;0.00;18.26;3.89;30.02;22.89;10.66;-2.55;65.94;8.32;0.00;55.04;22.34;-1.06;-1.48
03100101;Bucher Forst;4499;5.54;26.46;2.78;20.32;17.27;11.11;1.19;62.60;28.00;3.47;58.66;34.33;1.47;4.43
03100102;Klinikum Buch;3214;6.29;33.80;1.72;49.55;27.19;19.60;10.13;86.51;26.44;57.00;52.36;42.48;6.93;3.91
03100103;Karower Chaussee;8979;5.80;49.90;1.73;29.04;18.44;13.53;-2.59;81.89;28.50;46.12;69.77;25.05;-2.58;-6.92
03200204;Blankenfelde;2058;0.00;29.95;0.00;11.35;6.17;2.28;-9.31;40.43;18.18;99.85;77.88;28.57;-4.07;-7.14
03200205;Uhlandstraße;8696;1.50;26.51;2.35;22.63;16.02;8.54;1.83;53.84;12.18;37.07;67.52;20.68;1.44;1.37
03200206;Pastor-Niemöller-Platz;6404;1.82;26.31;2.39;26.20;19.39;12.24;0.04;63.65;15.44;0.00;66.68;18.22;-0.92;-1.28
03200207;Herthaplatz;11464;1.88;26.45;2.31;26.35;16.77;9.47;1.16;68.14;28.41;23.12;63.80;17.75;-0.08;0.48
03200308;Nisbléstraße;5220;1.79;22.06;2.75;16.98;12.87;5.50;1.10;64.11;8.54;9.56;77.15;12.74;0.11;2.21
03200309;Eddastraße;5238;2.23;22.39;2.77;26.09;14.85;7.56;0.43;69.95;33.33;70.90;70.28;15.36;1.91;6.96
03200310;Krugpfuhl;7961;1.61;25.73;2.80;25.77;15.70;6.80;1.55;64.33;25.53;0.04;71.44;14.95;-0.75;0.14
03300411;Karow Nord;11455;2.77;35.83;3.39;30.42;19.76;11.65;2.11;79.48;42.96;0.00;62.61;20.93;-0.33;-0.29
03300412;Karow Bahnhof;5138;0.78;16.73;0.65;16.15;9.44;4.13;0.27;65.57;16.24;0.00;78.94;13.78;0.76;7.20
03300413;Karow Ost;3101;0.00;21.30;0.61;15.64;9.29;3.87;0.60;55.83;12.61;0.00;79.82;11.75;-0.21;4.38
03300514;Blankenburg;6875;0.57;18.17;0.39;17.91;8.77;3.75;0.77;62.40;20.08;6.60;77.90;12.75;1.84;12.15
03300515;Blankenburger Süden;38;;;;;;;;;;;;;;
03300516;Heinersdorf;7779;2.28;20.31;1.88;34.37;20.45;13.95;0.68;80.65;28.36;0.00;67.31;29.70;0.75;2.54
03300517;Märchenland;1120;0.00;32.56;0.00;12.34;4.29;1.52;-0.16;64.71;0.00;0.54;85.25;7.91;1.16;12.86
03400618;Rosenthal;4742;1.55;17.73;1.89;33.48;21.07;7.13;0.92;62.43;14.29;0.46;73.45;16.66;1.72;12.23
03400619;Wilhelmsruh;10438;2.17;28.03;1.71;33.39;19.14;9.48;1.85;62.18;18.37;0.00;67.02;20.57;1.80;3.44
03400620;Schönholz;3509;0.82;18.57;2.83;29.91;18.58;9.12;2.30;60.31;13.25;11.03;73.72;17.86;2.62;3.37
03400721;Florakiez;11438;1.50;27.19;2.48;26.68;20.25;11.22;0.97;57.76;14.09;0.00;65.16;20.87;-0.07;-3.91
03400722;Parkstraße;3607;1.24;23.34;2.57;23.93;15.83;7.32;0.09;55.68;12.05;0.00;66.68;18.47;-0.58;-3.48
03400723;Garbátyplatz;7112;2.21;29.45;2.57;29.15;22.81;13.30;1.93;64.27;16.70;0.00;56.60;25.91;3.41;3.19
03400724;Wolfshagener Straße;7633;2.51;38.69;2.52;24.09;13.74;7.65;1.15;61.82;16.17;0.00;70.53;15.58;-0.23;0.43
03400725;Schlosspark;7450;1.45;35.64;2.54;25.36;13.56;7.41;1.89;66.30;23.78;5.66;65.60;16.20;2.06;5.87
03400826;Tiroler Viertel;6620;1.20;33.69;3.17;29.79;18.94;13.02;0.89;72.74;17.34;0.00;64.05;24.03;-0.04;2.79
03400827;Trelleborger Viertel;9628;2.22;32.44;3.13;29.16;23.61;15.57;0.74;59.71;9.01;0.00;61.32;24.79;0.59;-5.62
03400828;Spiekermann Straße;4615;1.22;31.45;3.20;31.52;23.25;15.99;4.41;54.34;6.84;0.00;61.61;24.54;6.22;-3.95
03400829;Arnold-Zweig-Straße;5583;1.73;31.42;3.17;27.81;17.37;10.55;1.83;65.70;15.52;0.00;72.30;16.44;0.63;2.48
03400830;Kissingenviertel;9292;1.32;42.37;3.17;26.30;15.79;9.01;1.96;64.40;23.16;0.00;68.15;19.49;0.38;-1.39
03400831;Pankower Tor;0;;;;;;;;;;;;;;
03500932;Bühringstraße;5096;2.24;46.55;3.01;27.52;13.93;9.50;-5.89;71.49;28.60;10.89;68.07;21.04;-4.57;-12.13
03500933;Weißer See;7551;1.08;29.81;2.51;26.30;17.24;10.26;1.77;52.65;12.76;0.00;65.71;20.82;1.08;-2.53
03500934;Weißenseer Spitze;10049;3.31;27.61;4.16;33.03;25.95;17.16;2.50;55.28;10.67;32.22;56.26;27.69;1.10;-3.16
03500935;Behaimstraße;6407;3.68;33.09;7.56;31.03;25.41;17.18;1.13;52.86;11.87;18.57;56.40;28.54;1.33;1.75
03500936;Komponistenviertel Weißensee;9819;1.98;33.90;3.97;29.22;20.90;13.37;1.46;59.86;25.44;0.00;64.85;22.18;-0.16;-1.14
03501037;Rathaus Weißensee;8509;6.91;42.66;2.34;27.44;19.46;13.24;2.13;66.73;30.00;8.49;63.65;24.33;3.14;6.32
03501038;Hansastraße;7324;2.51;34.85;1.63;25.60;13.54;8.60;1.30;75.08;30.60;0.76;70.13;17.43;0.73;-3.14
03601139;Norweger Viertel;3795;3.63;29.89;6.11;48.99;34.86;23.64;2.31;59.87;16.89;0.00;48.32;26.34;1.95;4.78
03601140;Malmöer Straße;5884;1.35;26.48;6.13;35.54;30.68;20.58;1.82;52.60;8.30;0.00;56.77;31.44;2.35;-1.79
03601141;Arnimplatz;6576;0.00;26.01;6.24;40.40;33.39;22.66;1.34;52.28;9.66;0.00;57.35;30.43;-0.16;-6.94
03601142;Falkplatz;10744;1.91;29.15;7.32;40.29;35.35;24.26;0.83;50.67;6.54;0.00;56.75;29.73;-0.95;-7.82
03601243;Rodenbergstraße;7032;2.31;27.40;4.45;36.96;29.35;18.97;0.07;55.25;5.77;0.00;61.09;24.71;-1.51;-6.77
03601244;Humannplatz;7600;1.43;35.25;4.46;36.22;26.80;17.66;1.60;57.45;5.74;0.00;64.45;25.09;-0.26;-5.16
03601245;Ostseestraße;12813;1.86;38.57;5.16;43.75;27.00;17.99;1.64;58.00;13.19;0.00;61.37;24.83;0.15;-5.81
03601346;Gethsemanekirche;5470;2.23;33.03;11.39;38.79;33.31;21.52;0.94;56.67;8.99;0.00;63.53;29.19;-0.51;-3.24
03601347;Helmholtzplatz;9548;2.42;28.89;11.28;37.86;32.82;21.46;1.01;54.17;8.86;0.00;64.55;23.87;-2.37;-11.23
03601348;Senefelderstraße;7516;0.92;27.77;11.33;37.65;33.24;22.80;1.21;53.44;7.42;0.00;59.49;24.83;-1.46;-8.72
03601449;Michelangelostraße;9970;4.07;49.72;1.96;45.05;19.37;11.69;2.03;73.39;33.95;19.76;72.65;16.12;1.61;1.68
03601450;Volkspark Prenzlauer Berg;3965;8.05;42.86;2.67;68.49;42.19;34.27;-0.82;74.83;56.65;100.00;55.61;61.45;-1.94;1.56
03601451;Anton-Saefkow-Park;6373;1.64;31.08;6.85;36.85;30.24;21.26;2.32;57.49;9.67;0.00;61.89;24.82;-1.43;-10.66
03601452;Velodrom;4063;2.54;40.89;5.31;44.64;32.17;21.86;1.68;64.75;16.84;0.00;59.24;26.32;1.90;1.46
03601453;Alter Schlachthof;2825;0.00;11.73;2.69;32.79;28.92;15.50;0.77;52.97;1.40;0.00;64.69;17.32;1.92;-1.64
03701554;Teutoburger Platz;11328;0.30;30.00;6.78;44.76;38.08;25.40;0.60;55.89;6.07;0.00;60.11;28.27;0.03;-5.80
03701555;Sredzkistraße;7274;0.81;33.06;6.05;38.16;32.33;20.95;0.12;56.63;5.60;0.00;61.56;24.48;-1.68;-8.24
03701556;Kollwitzplatz;8656;1.18;23.05;6.18;50.12;39.22;27.55;0.68;60.63;6.45;0.00;57.28;30.05;-1.14;-5.38
03701657;Thälmannpark;3188;2.47;33.02;6.05;54.09;32.62;21.96;1.95;68.29;20.32;0.00;66.61;19.37;-0.71;-2.37
03701658;Christburger Straße;8448;1.77;28.46;5.61;38.43;33.06;21.97;1.02;55.12;7.59;0.00;60.79;29.17;-1.36;-5.83
03701659;Immanuelkirchstraße;9164;1.46;27.23;5.65;42.37;34.10;21.98;0.61;55.26;7.78;0.00;63.07;26.20;-0.77;-2.85
03701660;Bötzowstraße;12823;1.28;28.55;4.79;34.88;28.35;17.57;0.58;56.81;8.85;0.00;62.03;24.27;-0.05;-2.31
04100101;Jungfernheide/Plötzensee;11548;3.34;39.01;10.14;72.51;49.58;29.58;1.74;60.33;25.37;40.32;68.28;24.66;0.38;-3.16
04100102;Paul-Hertz-Siedlung;7855;5.51;37.98;14.15;79.83;56.03;28.08;1.17;69.54;44.10;100.00;75.89;12.32;0.09;0.23
04200203;Olympiagelände;1482;0.00;23.02;1.34;38.57;27.19;15.45;0.22;64.19;6.54;0.00;72.89;15.96;0.14;-3.41
04200204;Angerburger Allee;2832;2.14;25.76;3.16;64.05;31.78;20.59;3.33;67.92;11.05;0.00;66.14;20.68;1.43;2.80
04200205;Flatowallee;2569;0.00;24.88;2.14;47.09;32.27;18.68;1.02;63.75;5.75;0.00;67.09;22.35;0.98;-1.21
04200206;Kranzallee;2963;0.00;22.59;1.65;44.32;28.35;14.38;0.24;53.29;11.20;0.00;73.36;15.64;1.45;11.31
04200207;Eichkamp;3192;0.00;19.11;0.79;33.40;38.69;29.73;0.49;59.64;2.71;0.00;66.69;28.71;-0.69;10.56
04200308;Branitzer Platz;6379;1.45;21.52;4.57;60.28;37.87;25.24;2.70;71.43;17.72;0.39;59.71;35.15;2.56;10.22
04200309;Neu Westend;6936;1.65;29.26;3.63;43.47;28.55;15.61;-0.47;53.28;9.13;0.00;67.38;21.28;0.26;-1.63
04200310;Fürstenplatz;7809;1.79;22.58;3.64;58.96;37.70;22.10;-1.86;63.21;15.74;0.00;68.05;23.68;-1.31;0.31
04200311;Königin-Elisabeth-Straße;7218;2.74;29.36;7.31;62.62;38.92;23.34;-0.53;60.53;16.22;0.00;64.15;26.01;-1.30;-3.19
04300412;Schlossgarten;3329;3.35;30.57;19.61;69.94;55.81;41.21;2.01;67.71;11.33;0.00;46.95;42.64;6.72;2.92
04300413;Klausenerplatz;10334;2.82;30.16;15.59;63.25;48.31;26.33;-0.85;68.80;21.23;0.00;73.53;17.67;-1.62;-4.82
04300414;Schloßstraße;10786;2.44;28.15;9.19;56.36;38.97;22.81;-0.53;58.54;11.19;0.00;68.16;26.10;-1.11;-8.26
04300415;Lietzensee;6488;1.10;26.98;9.13;55.26;38.95;23.27;0.73;60.40;11.41;0.00;69.50;20.28;0.23;-3.86
04300416;Amtsgerichtsplatz;12145;1.44;30.27;6.94;55.55;41.63;25.99;-0.12;54.78;13.08;0.00;65.73;28.02;-0.72;-6.44
04300517;Tegeler Weg;9637;1.79;30.45;13.94;70.14;47.09;28.15;0.98;62.99;16.88;14.40;64.69;24.68;0.09;-6.30
04300518;Kaiserin-Augusta-Allee;5930;3.07;28.83;10.65;70.07;46.95;28.09;0.57;59.18;19.05;39.93;62.46;23.98;-0.07;-7.49
04300619;Alt-Lietzow;8859;3.25;29.08;9.98;66.45;45.51;26.92;0.71;62.77;12.27;0.00;65.02;22.51;0.17;-6.60
04300620;Spreestadt;3429;0.86;28.25;18.62;84.65;59.61;37.27;1.61;61.82;10.68;95.33;55.34;35.27;6.42;3.52
04300621;Richard-Wagner-Straße;10811;3.51;27.27;14.59;68.96;48.80;28.46;0.81;59.83;18.99;0.00;65.14;23.61;-0.16;-3.91
04300622;Ernst-Reuter-Platz;5157;1.50;27.19;18.12;81.52;57.86;33.22;0.68;69.76;13.48;0.00;59.72;26.17;0.75;-10.49
04300623;Karl-August-Platz;12121;2.75;26.57;11.80;72.63;54.91;35.47;0.43;61.67;13.54;0.00;63.61;27.30;-0.62;-6.67
04300624;Savignyplatz;9538;2.13;29.15;7.33;63.72;46.28;29.87;0.29;61.53;8.22;0.00;64.57;26.06;-0.47;-4.24
04400725;Güterbahnhof Grunewald;110;;;;;;;;;;;;;;
04400726;Bismarckallee;5470;0.65;26.68;5.39;63.35;42.58;23.49;1.92;60.93;15.02;0.00;63.66;23.69;3.66;10.95
04400727;Flinsberger Platz;8264;1.13;31.91;6.38;64.58;39.80;21.89;0.82;61.08;10.67;0.00;67.35;19.07;0.16;-3.28
04400728;Hagenplatz;3173;1.24;28.57;2.46;59.71;36.84;19.45;0.30;62.24;3.68;0.00;66.33;21.38;2.16;0.29
04400729;Hundekehle;2796;0.00;27.84;1.56;60.04;37.59;19.85;0.36;64.50;5.40;0.00;69.21;20.19;0.00;21.59
04400830;Forckenbeckstraße;7119;2.18;25.90;3.84;63.93;39.99;21.22;1.33;68.23;18.50;0.00;57.52;26.31;6.20;7.87
04400831;Messelpark;1513;0.00;23.26;1.27;52.91;28.09;14.61;0.02;58.82;0.00;0.00;73.18;15.61;0.24;8.37
04400832;Breite Straße;7023;1.19;24.55;4.26;43.70;26.74;14.81;1.17;61.73;12.14;0.00;72.20;18.10;0.58;-0.23
04400833;Schlangenbader Straße;4178;1.57;35.09;9.77;65.55;36.69;20.34;1.99;64.35;26.90;0.00;73.58;16.23;0.77;7.01
04400834;Binger Straße;3574;1.42;24.22;6.45;55.84;32.74;16.51;0.23;66.10;10.87;0.00;73.08;17.82;0.15;1.31
04400835;Rüdesheimer Platz;10593;0.82;30.87;4.22;44.44;28.38;16.23;0.21;63.18;8.41;0.00;72.42;19.12;-0.61;-1.13
04500936;Droysenstraße;5638;2.39;27.68;6.86;66.57;45.62;27.17;-1.18;62.01;18.14;0.00;63.90;25.77;-0.72;-2.52
04500937;Halensee;7683;1.34;27.56;7.16;63.31;42.22;25.08;0.65;59.26;7.98;0.00;63.56;25.36;1.43;-2.82
04500938;Hochmeisterplatz;7919;1.83;24.09;7.12;70.66;46.04;26.96;-0.25;62.01;11.44;0.00;63.20;23.63;-0.65;-1.35
04500939;Eisenzahnstraße;6496;2.20;32.47;8.60;70.56;46.04;24.66;1.34;65.79;17.84;0.00;66.96;22.13;1.25;3.25
04501040;Hindemithplatz;5998;1.12;29.34;9.93;60.58;44.41;26.59;-0.53;57.99;8.28;0.00;66.14;22.11;-0.66;-3.02
04501041;George-Grosz-Platz;5597;2.33;24.37;7.42;65.56;46.65;28.60;-0.44;58.96;7.63;0.00;63.87;43.96;-1.14;-23.09
04501042;Breitscheidplatz;3581;4.31;27.24;9.10;82.06;57.33;37.95;-1.55;64.53;18.50;0.00;63.87;30.90;-1.50;-2.24
04501043;Preußenpark;11048;2.07;26.48;8.45;69.64;45.62;26.37;1.23;61.14;10.44;0.00;64.79;25.08;1.36;4.98
04501044;Ludwigkirchplatz;5283;0.68;31.61;6.69;60.53;42.74;24.83;0.19;55.72;9.74;0.00;65.97;22.93;0.08;-7.92
04501045;Schaperstraße;9334;1.86;30.84;7.26;67.50;48.29;30.19;0.06;60.18;11.64;0.00;64.81;27.65;0.12;-0.87
04501146;Barstraße;4715;3.59;29.74;8.20;69.99;45.77;28.72;1.47;56.43;23.54;0.00;60.35;33.84;0.79;-3.34
04501147;Leon-Jessel-Platz;5625;1.60;28.34;9.17;61.82;43.36;25.72;0.61;60.82;14.76;0.00;65.24;26.11;0.40;-4.93
04501148;Brabanter Platz;4436;1.90;31.76;8.77;66.41;44.91;25.29;0.79;61.68;19.78;0.00;67.06;25.20;-1.19;-1.40
04501149;Nikolsburger Platz;9834;1.59;27.65;6.78;63.47;40.56;24.59;-0.24;60.26;13.84;0.00;66.79;23.00;-0.19;-2.15
04501150;Wilhelmsaue;3071;0.00;22.06;6.72;59.12;38.33;22.63;1.13;64.17;12.66;0.00;67.24;25.48;1.31;-2.83
04501151;Hildegardstraße;7572;1.69;28.18;6.60;46.67;33.39;19.14;0.03;55.56;11.18;0.00;70.24;20.59;-0.79;-1.48
04501152;Prager Platz;6913;2.21;26.32;6.69;61.35;43.61;26.11;0.33;59.11;9.41;0.00;67.11;24.72;-0.51;-9.22
04501153;Babelsberger Straße;7489;1.88;28.38;10.75;66.98;45.33;26.00;0.49;63.79;17.03;0.00;61.37;32.06;1.42;0.15
05100101;Hakenfelde Nord;4079;2.27;16.10;3.39;33.93;17.92;8.07;1.51;66.87;19.93;2.28;62.63;20.26;4.14;11.07
05100102;Am Forstacker;4390;5.26;44.10;5.01;51.18;24.40;14.58;1.54;62.03;36.52;0.00;68.86;17.86;0.21;-0.62
05100103;Mertensstraße;5873;5.40;25.71;4.37;64.79;46.11;28.50;4.09;62.54;25.70;5.41;35.67;36.23;15.54;19.69
05100104;Maselake;4830;2.23;26.35;3.37;65.13;39.65;18.39;0.29;72.07;29.61;0.00;64.07;21.01;2.91;3.72
05100105;Amorbacher Weg;7608;2.15;33.95;3.89;36.34;19.87;9.29;0.41;68.46;23.43;0.00;69.01;17.50;-0.14;-2.94
05100206;Griesingerstraße;3619;7.83;34.99;7.53;68.55;44.13;24.90;0.26;78.91;42.37;95.33;64.76;19.93;2.59;0.19
05100207;An der Tränke;2314;1.11;24.63;0.78;46.53;27.27;10.59;-0.89;60.00;7.73;99.87;63.19;25.68;9.26;1.40
05100208;Im Spektefeld;10703;6.44;34.26;6.60;68.75;44.34;24.37;3.92;64.65;50.38;21.39;66.66;18.26;0.63;6.71
05100209;Westerwaldstraße;11547;7.05;34.34;10.36;72.72;52.30;24.00;1.42;59.87;42.39;99.33;71.74;15.39;-0.19;-1.09
05100210;Germersheimer Platz;7709;4.76;45.20;8.38;62.27;37.53;23.13;2.48;61.86;36.54;100.00;65.84;21.05;0.07;-4.12
05100211;An der Kappe;6068;3.61;26.17;2.53;59.02;33.50;16.38;1.54;67.30;31.77;22.78;73.46;17.45;0.49;4.99
05100312;Eckschanze;4025;3.14;34.91;10.49;67.22;41.02;25.99;3.74;61.28;29.82;100.00;62.67;26.56;0.66;-7.66
05100313;Eiswerder;5756;3.95;27.48;5.19;76.93;52.10;26.49;2.33;72.46;34.61;63.13;56.14;20.43;3.39;1.89
05100314;Kurstraße;7335;6.18;31.45;15.89;77.34;58.80;42.75;1.96;61.29;41.23;87.76;56.28;27.37;-0.94;-3.43
05100315;Ackerstraße;6753;6.09;35.88;10.68;67.37;45.03;28.91;2.32;64.55;36.06;100.00;61.46;25.27;-1.64;-1.52
05100316;Carl-Schurz-Straße;10341;4.46;40.62;9.32;58.67;40.82;22.29;0.29;59.87;33.21;51.96;65.74;22.47;-0.21;-5.97
05100317;Freiheit;3670;3.71;28.93;8.72;74.52;47.93;36.68;-0.23;78.53;32.70;100.00;55.53;33.73;-0.04;-5.94
05200418;Isenburger Weg;3839;0.65;16.36;0.69;41.81;22.12;6.64;0.97;60.39;6.69;99.53;78.57;13.00;0.15;9.46
05200419;Am Heideberg;1694;0.00;38.58;2.24;12.22;6.26;1.71;0.17;65.52;12.00;100.00;78.34;12.66;0.56;0.00
05200420;Staakener Straße;5780;2.72;19.81;2.70;50.89;31.16;14.34;-1.57;67.55;29.42;83.81;72.69;20.22;-0.97;-1.63
05200421;Spandauer Straße;4386;1.87;36.56;3.47;41.03;28.52;17.31;1.32;79.58;31.68;70.22;64.01;22.04;-0.13;-0.51
05200422;Werkstraße;1057;0.00;25.62;5.98;33.19;19.68;8.80;-1.22;68.82;58.14;81.36;57.09;30.40;11.25;-1.63
05200423;Magistratsweg;6606;4.70;43.88;5.91;55.78;33.33;18.53;3.71;60.62;41.86;100.00;70.01;16.57;1.00;8.83
05200524;Döberitzer Weg;3367;0.71;16.30;1.17;37.23;28.78;11.38;2.14;64.23;19.31;99.70;68.80;19.67;1.64;-5.58
05200525;Pillnitzer Weg;2431;0.00;16.10;9.01;48.24;25.55;8.80;2.77;67.29;9.23;100.00;64.11;19.06;3.32;4.85
05200526;Rudolf-Wissell-Großsiedlung;5734;9.19;42.01;10.27;76.28;56.68;38.96;1.16;65.04;52.35;100.00;67.23;17.41;-0.15;-1.88
05200527;Maulbeerallee;11620;10.26;38.90;17.11;77.76;61.93;33.66;3.04;64.10;64.79;100.00;65.63;15.65;-1.47;1.13
05200528;Weinmeisterhornweg;7019;3.16;27.21;4.32;48.03;26.46;13.19;2.39;58.86;23.66;58.07;73.14;14.46;0.11;1.64
05200629;Borkumer Straße;7858;4.18;32.40;7.73;68.44;39.90;24.31;3.18;66.07;26.63;96.72;59.22;26.30;1.91;-3.19
05200630;Wilhelmstadt West;9806;4.47;33.67;8.39;58.15;36.82;22.90;1.74;62.96;33.78;100.00;62.06;24.71;-0.55;-5.94
05200631;Wilhelmstadt Ost;8462;4.65;37.83;8.42;62.46;38.12;24.07;2.57;60.33;33.44;100.00;63.59;23.44;0.13;-0.83
05200632;Tiefwerder;3739;6.28;35.59;11.98;70.34;47.21;29.85;1.57;73.57;39.17;99.84;64.67;22.54;-0.97;4.48
05200633;Graetschelsteig;2003;7.59;42.86;3.83;51.26;27.46;12.53;1.12;66.53;41.10;100.00;72.74;13.58;0.29;3.38
05200634;Börnicker Straße;4436;0.00;23.66;1.69;35.43;16.25;7.64;0.13;53.10;18.92;1.53;73.82;13.57;0.89;1.96
05300735;Haveleck;1925;3.19;18.55;6.84;74.03;61.45;19.48;2.52;84.00;23.12;100.00;57.05;34.76;19.90;49.48
05300736;Zitadellenweg;3667;4.07;24.44;6.78;66.87;53.67;23.04;1.58;59.88;34.69;16.39;67.16;16.78;0.52;8.34
05300737;Gartenfelder Straße;10901;4.83;39.05;8.36;66.85;43.72;21.48;2.10;56.13;34.57;48.79;68.62;17.47;1.05;-0.86
05300838;Gartenfeld;21;;;;;;;;;;;;;;
05300839;Rohrdamm;7660;4.16;35.36;8.01;66.07;48.96;28.76;3.16;68.45;31.40;62.25;67.27;22.80;1.91;-0.91
05300840;Nonnendammallee;486;0.00;;0.00;64.62;49.38;26.95;5.28;63.36;19.83;100.00;73.13;15.67;-2.67;-16.49
05300841;Siemensdamm;4573;4.86;28.60;7.99;67.91;46.60;26.07;1.87;62.84;26.08;100.00;58.96;25.02;-1.53;-2.01
05400942;Alt-Gatow;3642;2.31;23.77;1.66;37.50;20.43;8.76;-6.64;65.83;17.27;0.00;76.74;22.61;-3.57;-2.07
05400943;Jägerallee;10315;0.00;18.29;1.13;29.96;18.54;6.00;0.21;51.37;8.40;0.00;72.67;15.58;1.57;11.12
05400944;Kladower Damm;2198;0.00;19.19;3.25;31.68;17.06;6.46;1.27;69.01;10.81;0.00;75.74;12.01;0.46;12.32
05400945;Kafkastraße;3682;0.00;21.10;0.00;31.39;15.94;6.03;0.94;65.32;9.95;0.00;73.76;13.18;1.39;7.54
06100101;Fichtenberg;6988;0.56;22.05;2.80;44.88;26.89;13.72;0.08;59.75;8.32;0.00;71.12;17.16;0.91;1.61
06100102;Schloßstraße;8808;1.99;26.66;5.23;55.62;36.46;19.54;0.19;60.66;14.84;0.00;66.76;21.04;-0.55;-4.65
06100103;Markelstraße;6281;1.17;25.17;6.11;47.83;32.72;16.76;1.16;61.54;11.71;0.00;71.68;18.41;-0.62;-9.60
06100204;Munsterdamm;6887;2.38;32.49;5.63;55.27;35.88;18.50;2.12;64.21;17.22;0.00;71.00;19.05;0.15;-3.50
06100205;Südende;9881;2.11;28.38;5.90;51.37;33.68;17.39;0.98;64.96;16.22;0.00;66.47;20.28;0.04;0.36
06100206;Stadtpark;7694;1.98;30.01;6.15;46.21;30.41;15.95;0.89;64.06;18.90;0.00;68.11;18.82;0.32;-4.06
06100207;Mittelstraße;8008;2.20;28.57;5.85;54.88;34.49;18.46;1.65;68.54;14.27;0.00;66.19;21.64;0.74;-4.79
06100208;Bergstraße;6824;0.83;26.20;8.64;46.89;31.46;16.41;0.95;62.77;11.15;0.00;65.80;20.47;0.46;-3.20
06100209;Feuerbachstraße;9339;1.19;26.27;6.12;57.65;35.73;19.24;1.40;61.71;15.95;0.00;66.13;20.02;0.63;-3.26
06100210;Bismarckstraße;4868;1.03;29.89;6.33;43.63;29.21;15.59;0.59;67.85;16.31;0.00;68.14;18.27;-0.25;-2.22
06200311;Alt-Lankwitz;4937;0.72;30.97;3.86;41.30;24.27;11.46;0.62;52.47;15.75;0.00;72.69;14.77;-0.51;-0.20
06200312;Komponistenviertel Lankwitz;6097;1.39;20.33;2.87;51.33;31.88;18.66;7.06;74.60;13.94;0.00;64.84;24.78;5.40;13.82
06200313;Lankwitz Kirche;7410;2.60;37.09;6.61;53.02;32.32;16.96;1.21;64.44;21.12;0.00;68.52;17.63;0.32;-3.66
06200314;Kaiser-Wilhelm-Straße;7313;3.16;33.76;6.58;50.05;30.41;15.26;0.69;66.58;23.16;0.00;65.24;19.16;0.66;-1.44
06200315;Gallwitzallee;5841;2.64;29.80;6.55;50.47;29.50;14.98;1.82;66.29;18.85;0.00;67.40;15.50;0.86;-2.35
06200316;Belßstraße;5558;3.08;35.46;6.57;53.96;42.26;23.44;1.42;66.92;17.86;27.94;66.29;24.39;1.68;-0.15
06200317;Lankwitz Süd;6402;1.09;26.91;2.91;30.73;20.51;9.01;0.75;67.07;13.15;16.71;75.62;15.79;0.48;6.91
06200418;Landweg;0;;;;;;;;;;;;;;
06200419;Thermometersiedlung;4636;4.75;31.44;8.70;71.74;50.41;26.38;1.26;73.83;20.25;86.89;72.86;17.80;0.24;-4.79
06200420;Lichterfelde Süd;7055;2.98;30.78;5.11;51.52;29.01;15.72;0.68;72.32;22.85;50.70;65.27;20.25;1.38;1.93
06200421;Königsberger Straße;8349;2.17;30.19;3.11;43.28;26.60;14.68;1.34;62.64;23.25;0.00;67.82;21.24;1.71;4.09
06200422;Oberhofer Platz;7062;0.71;24.17;1.72;33.98;21.82;12.73;1.43;65.85;17.25;0.00;72.22;20.58;-0.42;3.40
06200423;Schütte-Lanz-Straße;8627;1.99;23.90;2.63;47.10;27.19;13.05;1.52;64.74;29.34;0.00;70.62;14.98;1.45;5.85
06300524;Berlepschstraße;5670;1.77;28.66;2.00;38.86;24.07;14.46;0.32;78.29;17.04;0.00;72.65;20.78;-0.02;5.19
06300525;Zehlendorf Süd;5616;2.55;38.38;5.27;44.07;24.88;13.39;1.46;66.36;30.72;0.00;67.34;16.84;0.09;-1.88
06300526;Zehlendorf Mitte;3311;0.00;26.74;3.55;46.64;32.04;16.91;-0.35;70.00;12.50;0.00;69.14;19.38;-0.04;6.21
06300527;Sundgauer Straße;8385;0.68;30.03;3.53;52.33;28.90;14.68;0.68;69.05;13.00;0.00;66.22;18.91;-0.54;-1.61
06300528;Teltower Damm;11050;1.21;23.45;1.05;39.37;23.38;11.02;0.18;64.53;11.15;0.00;72.21;15.37;1.35;3.88
06300629;Botanischer Garten;7088;1.37;25.44;3.08;41.17;28.26;15.22;0.14;56.72;11.45;0.00;70.30;18.42;-0.01;-2.84
06300630;Hindenburgdamm;5612;3.39;25.09;4.08;63.79;39.26;24.91;6.31;72.89;24.14;0.00;63.39;29.02;3.80;11.59
06300631;Goerzwerke;3152;0.00;23.36;2.71;43.27;38.36;27.73;2.10;69.22;4.78;3.20;60.49;29.14;0.80;9.45
06300632;Schweizer Viertel;13747;1.13;16.81;2.02;44.83;29.08;13.41;-0.29;69.63;14.11;0.00;65.67;21.59;0.65;2.57
06300633;Augustaplatz;12046;2.14;24.43;2.45;39.14;25.53;13.76;0.40;64.27;18.89;0.00;69.56;16.45;-0.41;1.21
06300634;Lichterfelde West;8511;0.00;20.87;2.24;38.49;24.25;12.85;0.26;61.70;11.10;0.00;69.90;16.11;0.38;2.14
06400735;Wannsee;10126;0.00;19.98;1.66;34.45;22.65;12.23;0.47;67.29;6.80;0.00;70.03;22.94;0.16;-0.41
06400736;Düppel;5234;0.75;25.44;2.72;32.26;21.07;8.62;-3.28;72.28;13.07;0.00;77.17;19.24;-2.07;6.35
06400737;Nikolassee;11498;0.86;23.17;2.19;34.25;31.50;22.19;2.10;73.30;4.26;0.00;63.42;29.41;2.31;8.56
06400838;Krumme Lanke;7511;0.42;20.11;1.47;30.59;18.84;9.03;-0.63;61.06;4.50;0.00;74.56;15.16;0.22;11.95
06400839;Fischerhüttenstraße;5278;0.00;24.40;2.37;41.56;23.30;11.27;0.31;56.97;7.52;0.00;73.67;14.81;0.36;6.16
06400840;Fischtal;7266;0.00;27.62;2.47;26.28;16.86;8.24;0.03;61.77;6.15;0.00;76.17;13.93;0.17;1.82
06400841;Zehlendorf Eiche;5958;0.00;24.82;2.50;42.16;25.11;12.39;0.22;70.46;10.67;0.00;66.47;17.91;1.83;5.98
06400842;Hüttenweg;4810;0.00;21.21;2.45;51.37;37.59;14.49;-0.10;71.59;3.86;0.00;60.11;19.77;1.32;4.63
06400843;Thielallee;4902;0.67;18.93;1.43;40.10;30.62;18.28;-0.29;71.54;1.96;0.00;72.66;17.43;-0.62;5.33
06400844;Dahlem;7204;0.00;19.21;1.18;49.43;32.57;17.35;0.18;68.16;7.61;0.00;66.21;20.94;1.55;13.07
07100101;Wittenbergplatz;9808;3.47;30.16;12.15;71.20;49.01;28.52;-1.60;62.14;17.50;0.00;63.47;29.02;-0.22;-5.54
07100102;Kalckreuthstraße;8675;5.95;25.87;19.34;73.65;51.05;33.58;-0.54;65.53;29.08;0.00;62.19;33.67;-0.44;-5.60
07100103;Frobenstraße;7712;4.42;27.57;19.28;81.15;63.68;36.40;-1.08;74.39;32.73;62.05;68.26;23.27;-0.60;1.50
07100204;Barbarossaplatz;10468;1.28;27.36;9.04;55.20;40.06;23.68;-0.39;60.02;14.03;0.00;66.40;25.02;-1.16;-3.65
07100205;Alvenslebenstraße;5257;6.04;33.08;25.25;86.18;67.91;38.31;-2.97;73.78;35.68;78.66;72.33;21.27;-2.95;-2.17
07100206;Großgörschenstraße;8223;2.23;27.78;25.35;60.05;49.01;29.27;-0.63;70.75;22.69;70.59;66.97;25.25;-0.90;-2.20
07200307;Bayerischer Platz;10578;1.70;27.25;6.32;56.12;36.29;19.72;0.02;59.83;14.73;0.00;69.37;20.36;-0.39;-1.88
07200308;Volkspark (Rudolph-Wilde-Park);10501;4.76;27.34;8.22;66.35;45.64;27.34;1.58;61.13;26.64;2.41;60.90;31.38;0.53;1.79
07200409;Belziger Straße;9460;2.19;25.03;14.34;52.72;38.81;22.54;-0.82;59.24;13.57;3.79;68.95;24.55;-0.57;-7.03
07200410;Feurigstraße;5565;5.64;25.43;14.34;70.41;54.30;30.44;-1.36;70.90;31.96;89.61;66.91;27.17;-0.71;-5.21
07200411;Julius-Leber-Brücke;2786;3.38;28.03;14.45;59.46;44.54;26.38;-0.33;69.66;22.63;8.36;65.64;21.67;-2.14;-8.37
07200412;Schöneberger Linse;1094;2.40;23.42;12.77;84.57;59.87;40.22;2.83;78.86;13.58;58.14;25.95;113.55;75.13;177.12
07200413;Cheruskerstraße;7886;3.05;29.06;12.77;46.34;35.23;20.33;-0.31;55.77;14.90;27.71;65.93;24.68;-1.12;-7.87
07200414;Hohenfriedbergstraße;3736;1.32;29.11;12.66;54.35;39.69;22.19;-1.12;65.50;14.68;85.17;62.49;25.31;-1.13;-6.66
07300515;Taunusstraße;6860;1.50;23.70;4.54;41.94;25.92;12.74;-0.03;60.07;13.48;0.00;71.37;19.03;-1.21;-1.40
07300516;Odenwaldstraße;8839;0.94;27.91;4.59;40.03;29.34;16.07;-0.28;62.54;10.05;0.00;69.28;21.14;-1.69;-5.90
07300517;Perelsplatz;8767;1.23;24.04;4.57;42.41;30.16;17.25;1.58;57.47;11.55;0.00;68.36;26.65;0.62;-5.77
07300618;Ceciliengärten;9371;1.29;23.95;4.96;44.24;32.47;16.95;-0.06;60.64;13.05;0.00;70.91;19.55;-0.57;1.63
07300619;Grazer Platz;12302;3.14;28.27;8.98;63.05;44.62;23.00;0.39;67.16;25.01;0.13;70.30;19.96;-0.75;-2.31
07400720;Gontermannstraße;12038;3.12;34.18;7.16;61.80;41.60;20.24;-0.08;64.94;23.70;0.33;71.44;18.32;-0.63;-4.01
07400721;Paradestraße;5464;1.59;21.12;7.11;42.66;32.21;14.51;-13.92;63.30;19.35;0.00;74.98;49.01;-8.20;-9.83
07400822;Lindenhofsiedlung;2255;1.80;36.87;7.44;37.12;22.04;9.80;0.38;61.09;21.81;22.57;61.98;15.27;0.87;5.72
07400823;Wittekindstraße;9832;3.05;39.33;8.05;61.72;36.67;19.11;1.38;65.83;28.86;2.47;66.66;20.71;1.18;-1.17
07400824;Bosepark;7390;2.80;22.08;8.08;59.87;40.57;23.61;1.33;63.38;23.83;3.76;60.78;28.00;-0.71;-4.42
07400825;Friedrich-Karl-Straße;7360;2.64;32.77;8.07;62.17;42.32;23.79;1.32;62.71;21.88;0.00;66.66;23.50;0.26;-2.03
07400826;Marienhöhe;5114;1.39;31.02;6.41;48.03;28.02;13.39;0.85;63.65;23.47;0.00;72.48;16.09;-0.34;-4.31
07400927;Rathaus Tempelhof;11104;3.90;29.09;6.61;71.03;46.07;26.36;2.49;66.07;30.27;31.75;63.96;29.22;0.36;-1.33
07400928;Germaniagarten;3980;5.98;37.14;19.24;84.34;57.16;36.01;0.49;55.13;32.89;100.00;55.99;30.33;-2.28;-11.58
07501029;Ringstraße;8138;3.95;30.40;7.55;65.35;41.30;21.44;1.05;63.21;32.14;30.07;60.61;27.49;1.52;-2.37
07501030;Machonstraße;8890;4.08;30.45;7.56;72.93;42.94;22.31;0.53;63.34;29.16;36.15;64.98;22.57;0.78;-0.06
07501031;Eisenacher Straße;9101;2.89;34.34;5.39;56.37;33.91;16.11;0.31;66.44;27.57;18.42;71.79;17.83;-0.37;-3.97
07501032;Imbrosweg;5653;4.63;28.71;5.17;56.56;34.32;15.67;1.16;64.56;32.73;36.71;71.82;16.07;-0.04;0.24
07501133;Fritz-Werner-Straße;8141;3.69;29.94;4.58;71.51;40.12;23.33;2.92;64.03;28.47;93.28;64.60;22.66;1.41;-1.65
07501134;Hundsteinweg;10584;2.92;23.44;2.83;53.54;30.16;13.96;0.25;69.55;31.13;3.26;73.10;15.92;0.39;-1.36
07501135;Birnhornweg;2233;1.76;15.26;1.12;40.97;23.96;9.85;-0.34;63.18;20.00;0.00;77.45;14.18;-0.66;10.10
07601236;Marienfelder Allee Nordwest;10193;5.84;28.13;6.19;66.62;42.85;23.84;1.04;77.94;54.56;34.67;67.15;22.75;-0.10;0.82
07601237;Kirchstraße;4740;1.32;19.65;2.61;42.03;25.89;11.35;1.48;62.27;17.68;0.99;73.92;14.99;0.58;0.01
07601238;Marienfelde Nordost;2869;4.66;31.23;2.11;71.24;39.98;17.81;0.89;67.51;38.68;97.70;73.16;15.21;0.53;-2.49
07601339;Tirschenreuther Ring West;5749;2.99;35.20;7.83;60.04;40.16;15.01;0.99;68.60;41.98;8.38;73.14;11.22;-0.33;0.60
07601340;Tirschenreuther Ring Ost;6429;5.13;34.53;7.86;61.04;42.62;17.34;1.79;64.48;38.39;4.62;72.01;16.24;0.25;-0.41
07601341;Diedersdorfer Weg;2284;4.00;21.03;7.86;54.25;31.35;16.42;2.35;42.93;34.10;90.76;72.00;21.59;-0.22;4.51
07601442;Kettinger Straße;10498;2.11;28.54;2.10;40.20;23.13;10.48;0.72;62.91;27.01;17.64;73.01;15.83;0.57;5.32
07601443;Töpchiner Weg;10895;0.77;26.81;3.31;41.58;23.14;9.14;0.96;62.15;29.64;0.39;71.44;14.87;0.22;3.93
07601544;John-Locke-Straße;8485;4.80;30.05;5.57;51.86;30.62;14.66;3.03;73.39;34.02;25.69;62.40;19.96;5.56;16.08
07601545;Nahariyastraße;8431;6.00;38.95;8.67;64.08;40.24;23.00;0.96;76.17;59.13;75.16;69.49;15.64;-0.60;-2.01
07601546;Franziusweg;6978;1.31;21.43;2.46;35.51;20.08;8.77;0.99;52.45;17.37;0.00;76.28;15.63;-0.04;6.13
07601547;Horstwalder Straße;3859;4.18;25.07;1.61;39.74;22.13;12.90;0.58;76.10;36.67;0.00;65.27;23.00;0.97;1.06
07601548;Wittelsbacherstraße;2964;0.00;22.01;0.81;34.95;18.93;9.38;1.28;61.51;30.59;3.58;72.42;16.57;0.25;1.12
08100101;Hasenheide;4516;9.14;32.13;23.91;68.80;56.11;37.58;1.31;61.70;26.70;78.50;61.21;29.26;-0.32;-7.34
08100102;Schillerpromenade Nord;8218;6.98;32.14;24.69;68.98;53.32;35.79;0.18;61.78;21.27;100.00;62.05;29.98;-2.05;-6.35
08100103;Schillerpromenade Süd;7473;9.20;35.33;24.59;67.57;49.93;32.86;-0.27;59.93;22.80;100.00;60.61;27.72;-1.90;-10.30
08100104;Wartheplatz;6706;9.58;32.62;16.90;82.10;57.58;36.16;-0.45;65.65;33.41;100.00;62.58;26.89;-1.63;-9.19
08100105;Silbersteinstraße;5567;9.87;29.59;16.87;92.07;65.40;38.28;0.26;67.34;36.78;100.00;55.75;31.53;5.62;-1.35
08100206;Flughafenstraße;9668;9.48;31.49;22.25;76.48;58.68;38.31;-1.16;60.45;25.53;100.00;60.41;29.26;-2.13;-11.95
08100207;Rollberg;7451;10.86;31.60;22.22;87.39;67.31;34.20;-0.12;76.10;36.60;100.00;71.51;18.68;-0.27;2.44
08100208;Körnerpark;12288;9.83;34.50;20.18;77.18;55.49;35.22;0.19;62.43;29.72;100.00;63.54;27.47;-0.88;-8.64
08100209;Glasower Straße;8524;9.95;28.29;17.08;83.97;59.74;40.60;3.39;68.22;36.30;100.00;53.28;41.32;2.58;-2.75
08100310;Maybachufer;7877;5.95;29.91;16.96;64.74;50.53;30.95;0.93;61.48;18.98;100.00;63.70;25.42;-1.51;-7.74
08100311;Reuterplatz;7342;3.32;35.23;16.93;56.84;47.49;31.07;-0.10;57.43;16.76;100.00;62.55;26.57;-1.13;-7.66
08100312;Weichselplatz;11788;8.76;33.67;16.88;66.62;51.24;33.07;0.31;61.19;21.83;100.00;63.45;26.18;-2.21;-10.38
08100313;Bouchéstraße;3868;3.61;36.09;12.44;58.87;38.00;22.18;0.05;62.94;25.79;85.24;67.53;19.97;1.85;3.85
08100314;Donaustraße;8264;7.23;26.84;25.70;79.93;61.16;40.51;0.44;62.81;29.61;100.00;62.69;28.30;-1.36;-11.00
08100415;Ganghoferstraße;6530;7.33;29.78;17.52;71.83;52.43;33.38;-0.95;61.47;24.20;96.77;61.16;28.19;-3.46;-13.20
08100416;Alt-Rixdorf;6562;5.46;31.24;17.47;68.01;52.42;33.69;0.18;63.86;26.03;64.43;60.70;26.23;-2.26;-2.54
08100417;Braunschweiger Straße;9919;11.24;29.45;17.50;75.36;54.92;35.74;0.73;62.12;31.69;95.00;58.78;30.44;-0.97;-9.78
08100418;Hertzbergplatz;9588;6.02;30.50;16.42;66.07;47.73;30.58;-0.17;57.67;25.49;100.00;61.68;26.83;-1.18;-11.46
08100419;Treptower Straße Nord;7100;12.50;29.86;20.16;87.40;60.59;40.24;1.15;61.25;47.46;100.00;58.93;29.59;-0.86;-6.79
08100520;Weiße Siedlung;5767;10.25;28.22;18.62;91.68;74.34;36.90;2.21;83.22;45.25;100.00;73.12;21.97;-0.80;-3.99
08100521;Schulenburgpark;9620;13.09;30.43;20.38;87.85;65.97;29.65;-1.07;82.54;55.93;100.00;76.74;15.48;-1.61;-6.36
08200622;Jahnstraße;5608;8.66;27.80;9.75;84.85;67.87;43.74;0.47;67.18;45.40;100.00;55.93;30.09;1.54;-3.03
08200623;Park am Buschkrug;6064;6.60;26.51;11.00;71.73;46.01;25.07;-2.07;75.07;28.39;100.00;65.88;23.31;-2.00;-3.19
08200624;Tempelhofer Weg;8754;8.48;36.85;10.76;76.62;46.55;23.19;1.62;62.27;37.19;100.00;69.25;21.52;0.36;-1.40
08200725;Mohriner Allee Nord;2455;2.26;16.13;2.90;54.55;32.02;11.41;0.18;63.21;30.24;99.88;74.92;16.42;-0.70;-7.16
08200726;Hufeisensiedlung;6271;2.50;27.60;7.34;45.62;28.91;13.46;0.72;65.28;32.28;9.07;70.55;15.17;0.47;1.58
08200727;Parchimer Allee Süd;7983;3.83;40.71;7.31;53.73;30.33;13.84;-0.25;67.24;26.05;2.53;73.72;15.69;0.65;-5.11
08200728;Ortolanweg;1253;5.75;30.43;6.70;71.34;33.44;14.68;1.18;65.22;31.48;41.82;73.94;13.09;2.43;-8.73
08200729;Britzer Garten;1865;2.05;19.35;6.90;54.64;36.14;13.35;1.22;72.69;15.42;88.69;67.19;13.75;0.46;5.65
08200730;Handwerker-Siedlung;3321;2.33;20.77;5.84;54.23;32.28;16.11;0.38;72.90;25.58;65.19;76.60;16.07;0.69;4.57
08200831;Buckow West;8320;3.67;28.52;4.15;50.04;28.11;12.02;1.18;64.70;28.20;60.85;74.60;15.51;-0.33;1.59
08200832;Buckow Mitte;11578;5.07;27.82;3.39;58.20;31.34;13.34;-1.39;74.29;40.75;76.02;74.05;16.42;-1.46;0.78
08200833;Buckow Ost;8698;5.94;29.16;7.74;73.36;46.59;23.21;0.63;74.00;35.37;99.86;68.06;21.76;-0.74;1.10
08300934;Gropiusstadt Nord-West;12534;8.49;30.09;8.71;82.62;52.68;21.43;0.86;74.76;40.84;69.40;73.63;14.87;0.44;1.16
08300935;Gropiusstadt Süd-West;7303;2.49;31.45;5.97;79.07;43.74;17.61;1.41;71.93;29.08;82.24;75.31;14.19;0.01;-4.03
08301036;Gropiusstadt Mitte;7190;7.63;29.14;8.36;77.68;47.61;20.33;0.39;83.31;47.76;63.35;72.09;12.79;0.20;-3.21
08301037;Gropiusstadt Süd-Ost;10564;6.55;27.68;8.39;80.66;57.89;23.60;2.20;81.15;41.05;0.00;71.41;15.86;1.52;7.64
08401138;Goldhähnchenweg;2834;4.58;33.33;3.69;67.73;33.27;13.51;-0.08;71.54;56.64;100.00;75.52;10.28;-0.03;-5.72
08401139;Vogelviertel Süd;4103;2.87;22.26;3.00;66.86;34.63;14.57;0.67;71.40;24.38;79.87;69.52;17.25;0.18;1.58
08401140;Vogelviertel Nord;2661;3.83;27.00;3.36;59.50;34.95;15.26;2.42;67.00;29.87;100.00;74.33;18.71;0.12;-2.49
08401241;Blumenviertel;8264;1.25;21.72;1.62;60.41;36.35;15.61;1.46;72.33;25.33;0.00;73.15;17.31;0.45;4.88
08401242;Zittauer Straße;6844;2.07;21.88;1.75;46.53;26.05;10.51;0.86;69.96;21.79;17.18;76.42;14.54;0.54;4.66
08401243;Alt-Rudow;9997;4.06;27.92;4.05;53.81;30.07;14.27;2.23;63.70;31.83;12.28;71.94;15.87;1.03;0.42
08401244;Waßmannsdorfer Chaussee;7118;1.67;21.25;2.14;43.20;24.85;8.19;0.33;69.30;19.32;40.12;74.90;14.60;0.99;10.60
08401245;Frauenviertel;3776;2.70;27.23;3.58;49.21;29.95;10.73;1.09;65.43;23.29;0.00;71.33;16.95;-0.01;-2.47
08401246;Waltersdorfer Chaussee Ost;7951;3.91;26.87;3.20;43.93;27.04;11.12;1.47;71.95;34.36;61.88;74.57;13.63;0.08;6.30
09100101;Alt-Treptow;13167;3.31;28.18;6.28;42.86;33.18;19.80;0.64;59.30;18.41;78.83;60.48;26.11;1.91;1.77
09100202;Plänterwald West;4375;1.21;25.05;2.78;26.46;19.54;10.58;1.32;49.68;16.44;0.00;69.39;16.52;0.00;-4.07
09100203;Plänterwald Ost;6924;3.48;41.08;2.11;38.48;19.84;12.87;1.94;60.94;23.31;0.00;65.81;19.62;0.13;-6.40
09100304;Baumschulenweg West;11722;2.73;36.19;1.81;28.84;17.50;10.16;1.59;67.09;20.03;0.00;62.92;21.21;1.12;-2.16
09100305;Baumschulenweg Ost;4074;5.13;36.83;1.83;27.40;19.73;12.67;2.24;58.14;17.75;0.00;58.17;26.38;1.56;-9.24
09100306;Späthsfelde;3098;1.26;23.97;1.12;57.73;30.70;17.20;7.53;90.81;39.72;64.36;70.89;25.16;3.75;25.84
09100407;Johannisthal West;8480;1.67;36.83;1.66;25.48;12.89;7.49;1.69;58.58;24.68;3.77;70.91;17.10;0.52;-0.12
09100408;Johannisthal Ost;8105;2.82;36.99;2.91;27.58;15.99;9.06;1.47;59.54;30.91;0.00;63.87;22.23;0.49;-3.81
09100409;Landschaftspark Adlershof;3375;0.00;21.34;2.89;29.51;20.50;8.18;1.63;72.10;14.46;59.05;75.76;12.57;-0.17;2.97
09200510;Helmholtz-Kiez;7535;4.29;37.23;8.19;47.70;32.62;24.54;2.37;60.84;34.35;99.96;48.53;35.96;0.68;-8.97
09200511;Griechischer Park;12663;3.58;37.89;5.60;36.45;23.68;16.13;2.02;63.96;41.16;1.60;58.51;25.21;0.37;-0.94
09200512;Wuhlheide;3440;3.93;42.28;5.67;38.41;26.57;18.31;3.80;59.37;28.32;42.67;47.58;38.64;2.71;4.12
09200613;Bahnhof Schöneweide;9424;3.48;30.20;4.17;45.33;31.69;24.42;2.16;63.93;27.84;13.64;47.73;37.85;2.09;-3.82
09200614;Oberspree;3580;3.70;36.06;2.87;18.23;9.66;5.45;1.57;68.21;33.87;42.82;72.81;15.78;0.88;5.84
09200715;Wista;3059;0.66;13.93;1.90;48.09;42.14;31.55;-0.56;68.08;10.43;97.97;6.22;51.14;3.36;3.17
09200716;Dörpfeldstraße West;7669;3.18;39.57;2.44;36.87;22.31;16.08;2.71;67.40;30.62;0.00;62.17;25.50;0.07;0.67
09200717;Dörpfeldstraße Ost;9482;3.57;33.80;2.47;30.30;18.87;13.09;3.70;65.11;26.76;7.96;62.24;23.03;1.74;-4.68
09200818;Spindlersfeld;3061;3.39;36.55;3.62;18.50;11.73;7.55;1.81;69.26;28.00;0.00;65.17;19.86;1.74;0.16
09200819;Köllnische Vorstadt;8292;5.38;42.81;3.61;35.11;22.68;16.20;3.10;56.37;34.65;68.96;60.64;23.84;2.00;2.95
09300920;Dorf Altglienicke;11751;1.60;22.79;0.90;28.62;17.22;7.90;1.68;67.46;32.17;34.72;65.92;19.26;5.12;11.76
09300921;Preußen Siedlung;2697;0.00;15.75;0.92;20.00;11.98;5.67;0.41;61.44;19.18;0.00;71.63;15.88;2.50;-1.13
09300922;Kosmos Viertel;5660;6.66;49.27;6.78;29.99;18.64;11.48;4.32;64.92;52.89;33.89;70.60;17.01;0.17;10.22
09300923;Kölner Viertel;8169;4.11;33.36;4.47;31.07;21.02;9.68;1.22;83.69;48.11;0.00;68.10;18.95;-0.46;4.31
09301024;Falkenberg;2417;2.23;18.96;1.28;20.44;12.12;5.42;1.77;48.09;15.63;9.10;64.06;16.81;3.71;7.55
09301025;Alt-Bohnsdorf;10760;2.49;27.84;1.28;23.36;14.39;8.81;0.15;64.66;18.91;62.64;73.90;31.47;-0.47;-3.89
09301126;Grünau;7217;2.04;27.25;1.29;29.59;15.62;9.23;0.51;59.91;23.04;0.00;56.81;26.86;4.94;10.05
09301227;Karolinenhof;1871;0.00;20.94;0.70;17.75;10.48;4.01;0.41;60.00;11.11;50.77;73.91;11.81;0.84;1.72
09301228;Schmöckwitz/Rauchfangswerder;2571;1.60;25.62;0.99;19.57;10.93;5.45;-0.06;56.43;12.90;98.41;72.02;16.26;0.06;1.54
09401329;Kietzer Feld/Nachtheide;10138;2.04;32.71;1.60;14.16;7.16;3.59;0.73;52.75;28.82;8.01;72.41;12.57;0.79;0.13
09401330;Wendenschloß;1911;0.00;20.79;0.61;21.67;10.99;5.29;0.81;67.33;14.89;0.00;67.64;18.03;0.00;4.20
09401431;Allende I;5445;2.17;33.10;0.85;19.91;9.27;4.04;0.34;61.82;31.31;0.00;68.14;13.80;1.39;-0.43
09401432;Siedlung Kämmereiheide;1569;3.33;24.47;2.54;29.43;16.12;8.92;2.25;74.29;39.29;0.00;71.03;15.24;0.16;5.17
09401433;Allende II;4368;3.31;38.34;1.72;25.18;13.62;9.20;-1.81;83.08;23.64;0.00;69.45;19.92;-0.10;-7.20
09401534;Altstadt Köpenick;7337;5.12;39.89;5.47;31.23;20.46;13.26;0.85;63.21;40.13;0.00;58.54;27.00;1.60;0.55
09401635;Müggelheim;6867;0.00;20.56;0.85;15.77;8.75;3.83;0.69;64.64;16.21;32.65;75.80;13.85;1.03;6.25
09501736;Hirschgarten;4575;5.97;33.05;1.20;20.90;11.98;7.67;0.71;69.23;40.66;3.26;64.06;29.20;-0.50;0.01
09501737;Alt-Friedrichshagen;14434;1.39;32.12;1.00;15.59;8.54;4.11;0.24;68.30;21.73;0.00;68.91;16.55;1.14;3.35
09501838;Rahnsdorf;9856;1.64;27.16;1.07;20.11;10.37;5.49;0.48;71.90;26.52;42.31;72.75;18.95;2.40;7.60
09501939;Bahnhofstraße;6377;2.58;27.03;1.98;21.92;16.48;10.87;2.92;59.60;24.34;0.00;54.86;25.23;3.35;-4.48
09501940;Güterbahnhof Köpenick;2678;3.37;36.46;1.94;23.74;16.62;11.54;3.08;66.02;29.33;0.00;59.86;26.10;0.55;-13.52
09501941;Friedrichshagener Straße;2678;0.00;23.79;1.93;24.75;12.55;7.47;2.92;53.50;20.94;0.00;64.49;20.96;0.21;-8.02
09502042;Mittelheide;4106;1.19;22.62;1.09;17.01;10.76;6.36;0.90;52.87;15.50;0.00;65.98;20.86;2.23;0.66
09502043;Dammheide;9188;1.10;35.29;1.14;18.82;9.27;4.97;1.42;61.27;19.63;0.07;71.93;16.29;1.71;4.26
10100101;Marzahn West;5709;5.67;48.66;11.66;42.18;28.03;15.85;1.80;69.72;43.37;100.00;72.26;16.14;-0.20;2.47
10100102;Rosenbecker Straße;3317;4.72;50.13;10.79;40.79;27.49;18.51;2.87;77.04;31.13;100.00;70.83;19.44;0.00;2.89
10100103;Wittenberger Straße;7685;3.89;39.23;10.84;37.42;26.22;14.31;1.87;74.82;33.11;100.00;68.94;19.99;1.69;0.83
10100104;Golliner Straße;7611;3.59;44.59;10.86;43.98;28.85;12.50;1.74;72.34;36.92;100.00;73.79;15.70;-0.37;-0.77
10100205;Gewerbegebiet Bitterfelder Straße;1262;;;;;;;;;;;;;;
10100206;Wuhletalstraße;10586;5.14;43.09;5.91;40.94;25.84;13.24;1.80;70.90;40.86;30.83;72.78;15.36;-0.65;-1.63
10100207;Ahrensfelder Berge;8198;4.19;46.32;5.40;26.87;17.69;10.53;2.12;66.40;37.41;23.26;69.66;17.15;0.22;1.74
10100208;Bürgerpark;9163;5.42;40.19;3.22;51.25;25.37;14.18;2.58;68.36;40.78;19.69;69.00;16.69;1.47;-2.40
10100209;Lea-Grundig-Straße;8153;1.75;37.76;3.20;42.91;26.30;15.93;-2.65;64.67;29.05;15.91;68.27;27.70;-2.60;-7.27
10100210;Marzahner Promenade;10782;4.37;35.61;4.02;45.58;26.68;13.25;2.68;71.52;32.80;21.55;74.99;14.21;0.82;4.10
10100311;Marzahner Chaussee;2228;4.89;20.57;1.72;41.57;29.58;17.15;0.59;68.06;20.16;100.00;66.57;28.50;0.70;-7.05
10100312;Springpfuhl;14860;4.13;32.44;3.71;50.16;26.57;13.14;3.47;77.68;26.64;3.63;71.55;16.96;2.27;2.46
10100313;Alt-Marzahn;4793;3.33;29.26;2.57;54.57;30.23;18.94;1.80;79.85;22.31;90.82;67.59;23.28;-0.35;2.35
10100314;Auersbergstraße;6309;2.46;35.13;2.57;36.74;19.48;9.49;2.18;74.29;31.96;99.08;78.06;12.64;0.02;1.18
10100315;Bärenstein;7171;3.15;39.14;2.54;43.59;26.05;11.90;2.58;69.75;35.71;58.14;74.14;17.73;0.85;1.86
10100316;Landsberger Tor;3681;3.54;24.60;3.04;24.04;14.53;4.97;-0.12;69.95;40.94;0.00;57.17;14.36;0.55;-5.47
10200417;Zossener Straße;7171;6.08;44.80;11.86;47.57;33.62;19.22;3.12;66.26;39.55;65.33;67.39;21.61;1.67;-3.12
10200418;Kyritzer Straße;5445;3.99;50.00;7.89;22.15;12.80;7.27;-1.78;66.41;39.15;7.81;62.84;22.18;-1.08;-10.22
10200419;Havelländer Ring;3564;3.28;40.32;7.85;52.61;40.21;27.50;10.97;54.18;20.23;39.20;60.72;26.72;1.93;2.83
10200420;Gut Hellersdorf;7159;5.66;46.94;7.88;47.91;26.67;20.51;3.86;73.02;55.45;0.00;66.57;16.71;-0.14;0.26
10200421;Helle Mitte;1716;2.50;27.55;14.54;69.85;49.36;28.26;10.84;59.79;23.53;0.00;57.33;31.02;1.61;-3.13
10200422;Hellersdorfer Promenade;6503;8.54;44.18;11.07;50.27;37.87;30.37;7.24;61.06;47.73;100.00;58.90;26.16;5.90;7.68
10200423;Böhlener Straße;5929;6.44;48.05;10.20;38.86;31.81;21.98;2.72;47.81;30.82;0.00;56.89;33.27;2.18;0.76
10200524;Adele-Sandrock-Straße;9975;3.35;40.39;2.84;36.60;18.79;12.30;3.26;73.35;35.25;0.00;65.02;21.47;3.94;9.25
10200525;Schleipfuhl;5317;5.10;41.38;7.25;39.31;25.16;17.60;4.85;64.42;49.46;0.00;69.62;16.09;-0.39;3.60
10200526;Boulevard Kastanienallee;6111;4.15;47.11;10.92;46.06;34.05;23.69;3.61;62.36;32.89;87.43;61.62;23.26;-0.51;-2.94
10200627;Am Kienberg;3465;4.44;49.57;5.80;33.20;20.40;11.31;3.15;78.06;30.77;0.00;68.15;19.88;1.29;4.75
10200628;Neue Grottkauer Straße;6342;5.79;50.60;10.48;33.65;24.16;15.86;3.74;67.99;47.17;2.95;66.46;16.55;-0.62;-1.73
10200629;Teterower Ring;8919;3.21;40.37;3.34;30.33;17.00;9.27;3.24;68.44;38.21;0.00;69.14;18.04;2.92;5.05
10200630;Cecilienplatz;6487;3.47;39.27;4.08;26.56;14.11;6.67;1.40;78.29;38.93;0.00;76.42;12.69;0.44;5.06
10300731;Oberfeldstraße;7805;0.00;18.73;0.48;19.43;18.39;11.48;0.35;78.01;1.46;0.00;71.92;19.08;0.24;6.47
10300732;Buckower Ring;6952;5.79;35.17;5.25;40.16;23.76;14.18;1.59;76.06;28.10;22.80;58.60;52.80;4.41;4.54
10300733;Alt-Biesdorf;3938;0.00;18.88;0.68;32.49;18.33;9.32;-2.58;62.13;18.06;0.18;58.05;29.18;7.27;10.11
10300734;Biesdorf Süd;10260;0.00;17.31;0.42;20.26;12.08;4.87;0.97;68.60;10.58;11.83;74.50;14.73;3.37;11.42
10400835;Kaulsdorf Nord;7807;0.92;27.66;0.59;16.52;9.48;4.51;0.58;50.00;10.69;0.00;78.74;12.28;-0.01;7.05
10400836;Alt-Kaulsdorf;3868;2.48;22.22;1.17;18.84;11.09;6.64;0.22;71.60;27.89;0.00;70.39;18.06;-0.60;-1.51
10400837;Kaulsdorf Süd;7733;0.00;19.48;0.32;12.90;7.38;2.37;0.20;68.85;7.78;74.54;80.48;10.51;0.78;9.74
10400938;Mahlsdorf Nord;9921;0.00;19.77;0.79;15.08;9.15;3.66;0.18;74.66;7.18;62.87;75.56;12.32;1.19;5.75
10400939;Alt-Mahlsdorf;4457;0.93;23.08;0.82;18.96;11.64;6.10;0.91;52.57;14.13;2.06;68.78;18.01;1.85;7.73
10400940;Elsensee;5801;0.00;19.85;0.57;12.15;6.88;3.19;0.97;56.22;23.67;22.48;80.56;11.39;0.63;9.41
10400941;Pilgramer Straße;9578;0.00;18.33;0.51;14.56;8.71;3.28;0.43;56.69;10.93;16.36;76.31;11.63;0.93;5.31
11100101;Dörfer Malchow-Wartenberg;3302;0.00;22.04;2.77;11.79;8.39;4.39;1.21;39.31;6.34;82.92;76.99;19.90;0.89;7.71
11100102;Dorf Falkenberg;2189;4.14;15.81;0.00;50.55;33.26;25.49;6.67;92.47;47.49;99.18;53.06;47.92;17.93;34.18
11100203;Falkenberg Ost;8986;4.86;42.88;8.11;50.66;33.12;20.91;3.63;79.94;46.54;0.00;71.50;16.82;0.37;3.90
11100204;Falkenberg West;7052;4.46;38.53;5.73;56.81;33.71;21.44;7.06;79.96;37.19;0.00;71.51;20.36;2.26;8.65
11100205;Wartenberg Süd;6095;3.11;46.20;5.57;45.45;28.43;18.90;3.53;73.87;45.24;0.00;71.99;16.79;-0.08;-1.50
11100206;Wartenberg Nord;7609;6.60;46.82;5.98;44.49;29.07;20.84;4.26;78.56;49.36;0.00;63.66;19.61;1.50;4.13
11100307;Zingster Straße Ost;11690;6.17;40.83;4.16;55.73;30.54;18.12;1.87;78.85;41.92;0.00;73.63;14.72;0.01;-0.93
11100308;Zingster Straße West;9583;5.41;44.49;6.70;48.79;28.88;18.00;1.81;78.78;48.74;1.57;75.88;13.80;-0.81;-0.84
11100309;Mühlengrund;5825;4.14;34.03;1.96;42.08;21.75;14.87;2.15;80.14;31.03;0.00;68.86;23.87;0.32;-7.73
11200410;Malchower Weg;9998;5.29;28.72;1.35;51.02;30.75;22.55;2.78;77.52;37.25;19.54;60.35;23.85;2.30;3.85
11200411;Hauptstraße;6856;2.55;33.75;2.97;38.26;23.57;14.41;1.73;75.91;37.41;6.53;67.18;20.91;0.87;-0.78
11200512;Orankesee;3898;1.86;27.99;1.14;38.64;21.01;15.70;-0.04;90.69;34.72;0.00;67.03;20.65;0.00;-4.66
11200513;Große-Leege-Straße;9897;4.69;35.72;3.25;47.38;26.83;20.48;2.18;77.41;38.34;0.00;56.79;32.23;0.57;-4.08
11200514;Landsberger Allee;15296;4.61;36.58;2.90;51.31;29.38;18.17;3.10;79.60;38.84;0.16;69.83;18.77;1.98;5.78
11200515;Weiße Taube;4125;0.00;13.60;0.87;36.39;20.46;10.40;2.56;72.96;9.18;6.86;64.34;18.89;0.32;-1.49
11300616;Hohenschönhausener Straße;6058;3.67;43.99;3.39;71.09;36.28;21.74;-0.73;76.69;36.36;100.00;72.19;20.28;-1.62;-10.04
11300617;Fennpfuhlpark;4292;3.41;46.96;2.43;53.15;26.37;14.03;2.75;76.08;28.85;100.00;71.55;17.60;-0.67;-4.34
11300618;Storkower Bogen;3713;1.94;43.10;2.45;46.12;27.12;18.15;3.55;79.67;15.64;47.40;67.93;23.19;0.54;-0.35
11300619;Rudolf-Seiffert-Park;8422;1.75;29.75;2.41;50.05;33.50;22.09;2.29;74.35;13.90;0.00;67.13;30.84;1.02;0.74
11300620;Fennpfuhl Ost;11266;3.54;33.30;3.62;54.19;33.83;20.70;1.99;73.20;23.50;100.00;66.31;21.75;1.61;0.36
11300721;Herzbergstraße;5263;2.02;25.66;8.39;67.79;62.09;56.05;-0.54;54.34;7.00;74.84;36.84;101.63;-3.99;-47.41
11300722;Rathaus Lichtenberg;9901;2.53;32.49;4.36;38.57;24.24;13.75;1.20;65.76;18.21;26.07;60.47;23.04;0.88;-0.98
11300723;Bornitzstraße;2413;1.57;12.32;4.23;48.65;66.85;57.36;-5.72;63.37;9.13;0.00;38.04;86.39;-8.16;-20.21
11300724;Roedeliusplatz;3989;3.86;46.07;4.46;41.08;25.27;16.34;2.46;69.94;20.22;43.90;62.76;27.17;1.34;-16.19
11300725;Nibelungenviertel;9837;2.86;34.08;4.53;30.93;21.79;14.04;2.50;63.14;27.07;1.66;54.42;30.02;6.21;2.92
11300826;Frankfurter Allee Süd;9956;2.55;34.00;4.36;61.10;37.80;23.75;1.53;80.89;26.05;92.50;68.59;20.38;-0.64;2.98
11400927;Victoriastadt;4218;1.60;27.03;14.62;25.23;24.73;16.12;1.31;55.15;9.62;0.00;57.71;24.56;-1.14;-2.36
11400928;Nöldnerplatz;2359;2.58;26.22;5.83;35.44;31.03;21.70;4.50;58.40;12.06;0.25;49.73;34.29;7.87;10.61
11400929;Weitlingkiez;16111;2.56;35.68;5.78;35.62;25.65;18.16;2.03;60.38;23.29;0.00;56.19;27.07;-1.04;-7.55
11400930;Zachertstraße;4615;1.42;32.98;5.76;28.80;16.68;9.14;2.05;52.37;11.46;0.00;60.11;25.96;2.77;-2.04
11400931;Massower Straße;6764;2.64;33.59;5.79;42.16;26.20;16.62;1.32;74.02;29.81;15.70;66.35;24.85;0.21;-3.90
11401032;Rosenfelder Ring;5824;4.17;30.86;4.01;66.96;36.62;26.56;2.14;70.72;32.54;82.11;54.68;35.26;3.17;-5.04
11401033;Gensinger Straße;6756;4.32;29.82;4.01;57.67;37.09;21.86;2.54;74.07;30.02;98.65;61.63;20.33;0.72;-1.07
11401034;Tierpark;3195;2.01;33.68;5.30;52.87;31.14;20.56;4.08;69.86;29.92;0.00;58.58;28.02;4.50;1.05
11401135;Dolgenseestraße;10139;4.31;33.80;2.75;57.79;29.72;17.69;5.97;79.93;42.38;0.00;66.24;21.21;5.79;13.22
11401136;Volkradstraße;8155;0.92;41.60;2.74;28.49;23.15;16.89;3.46;78.94;11.42;0.00;63.20;24.19;1.89;1.20
11401137;Erieseering;8708;3.00;33.77;2.71;57.89;32.97;19.91;2.62;78.37;36.48;0.00;69.13;17.46;1.78;4.80
11501238;Rummelsburg;4244;2.06;18.80;2.25;29.50;22.67;13.01;0.91;71.74;36.48;0.14;60.34;18.92;-0.97;-6.10
11501339;Karlshorst West;10346;0.61;29.17;2.71;23.61;22.67;15.74;2.10;74.26;9.27;0.00;54.79;30.61;2.13;2.65
11501340;Karlshorst Nord;10640;1.51;24.04;1.29;19.16;13.25;6.48;0.52;67.39;18.56;0.00;64.75;18.33;0.49;2.15
11501341;Karlshorst Süd;7252;0.94;20.76;1.99;17.99;15.00;8.03;1.71;62.54;6.24;0.00;70.40;23.00;1.50;1.06
12100101;Letteplatz;10985;4.06;32.98;10.38;78.63;55.01;33.58;1.81;60.12;31.66;100.00;61.76;25.32;-0.31;-6.74
12100102;Hausotterplatz;9986;5.15;30.66;7.90;74.94;50.32;31.11;2.93;65.56;36.29;100.00;64.21;24.33;0.47;-3.33
12100103;Breitkopfbecken;7702;3.90;37.11;11.67;71.17;44.74;25.89;1.98;65.65;30.50;100.00;65.08;21.92;-0.23;-4.30
12100204;Schäfersee;8869;3.20;35.22;6.03;77.35;47.22;26.31;2.38;66.52;29.42;99.86;64.31;24.59;1.52;-1.14
12100205;Teichstraße;14057;3.74;35.67;8.19;68.90;46.38;26.68;2.88;67.34;26.22;99.87;62.83;26.75;1.28;0.34
12100206;Humboldtstraße;4661;4.89;35.06;5.09;54.41;32.50;17.21;1.82;61.47;23.29;56.55;68.37;20.07;0.20;-7.13
12200307;Reinickes Hof;2753;3.28;35.12;5.48;65.59;39.92;24.81;2.13;55.20;32.21;100.00;64.96;25.44;0.24;-3.33
12200308;Meller Bogen;5667;2.69;29.28;4.75;74.64;43.13;22.69;1.90;61.66;31.74;77.92;69.37;19.46;0.11;-0.62
12200309;Scharnweberstraße;10629;4.24;34.19;9.18;80.74;53.55;33.44;2.67;59.79;38.32;100.00;63.02;30.96;0.45;-3.46
12200310;Klixstraße;8270;5.87;34.77;13.22;80.97;60.34;35.97;2.73;62.79;43.81;100.00;63.68;27.15;0.04;-1.55
12200411;Schumacher-Quartier;393;0.00;;0.00;95.24;72.26;45.80;3.18;43.89;24.29;100.00;64.72;49.38;4.31;-8.99
12200412;Waldidyll/Flughafensee;6355;2.07;22.82;2.44;51.60;35.36;19.31;1.78;63.08;20.58;4.48;63.69;31.41;2.36;8.88
12200413;Tegel Süd;8091;4.33;38.65;8.73;62.04;41.14;21.94;1.76;73.58;42.35;0.00;69.16;16.35;-0.18;-1.68
12200414;TXL;1428;0.00;19.33;2.62;55.90;25.56;12.39;1.10;77.40;27.38;97.27;71.81;14.21;0.34;6.74
12200515;Alt-Tegel;10959;2.20;27.63;3.36;44.56;24.24;13.94;1.54;58.12;20.94;0.00;63.81;20.83;1.46;-3.88
12400616;Konradshöhe/Tegelort;6011;0.00;24.32;0.95;27.41;14.21;5.84;0.50;51.57;16.56;0.00;75.26;12.88;0.22;0.05
12400617;Alt-Heiligensee;6871;0.00;18.54;1.41;25.24;14.47;5.31;0.12;53.70;7.32;0.00;79.96;11.39;-0.50;5.97
12400618;Heiligensee Nord;3764;0.00;20.60;1.41;26.57;16.10;6.30;0.32;53.59;10.61;19.61;70.51;18.32;3.84;6.76
12400619;Heiligensee;7730;0.66;19.66;1.50;26.12;14.09;6.13;0.34;66.46;18.87;0.19;76.58;15.85;-0.13;3.64
12400720;Frohnau West;8662;0.00;18.50;1.27;24.71;13.23;4.81;0.06;53.24;13.13;0.00;76.63;14.58;0.88;8.06
12400721;Frohnau Ost;8027;0.52;20.05;1.23;24.83;14.46;6.33;0.46;52.95;16.63;0.00;76.59;13.34;-0.20;8.49
12400722;Hermsdorf West;8608;0.42;20.56;1.81;22.23;14.41;6.46;0.13;53.96;14.79;0.00;74.99;14.38;0.01;11.33
12400723;Hermsdorf Ost/Waldsee;8118;0.44;20.47;1.82;31.12;16.20;7.82;0.97;46.46;15.74;0.00;74.00;17.17;1.43;6.96
12500824;Ziekowstraße/Freie Scholle;9665;2.24;34.13;3.75;28.28;16.24;7.99;0.95;63.08;21.29;0.00;70.94;14.90;-0.03;-2.61
12500825;Borsigwalde;6750;2.94;36.84;5.18;48.33;27.67;18.12;3.14;61.41;25.26;100.00;66.37;24.53;0.07;-4.39
12500926;Wittenau Mitte;5065;2.42;37.04;3.25;51.52;27.70;16.17;2.41;59.95;25.96;0.00;60.04;21.39;3.70;-9.32
12500927;Wittenau Nord;6434;2.13;23.27;2.14;44.73;24.53;11.87;1.70;66.36;32.18;0.05;70.10;18.08;2.24;8.15
12500928;Waidmannslust;5166;1.69;24.85;2.05;32.06;19.03;8.44;0.27;62.39;23.50;0.00;68.69;21.89;1.88;11.68
12500929;Lübars;5160;0.00;19.62;2.09;32.22;17.13;6.09;0.32;59.55;10.15;0.12;76.76;11.63;0.17;6.86
12500930;Wittenau Süd;9936;3.55;33.83;3.28;55.53;33.79;20.84;-0.35;72.72;24.12;0.00;66.48;90.38;-0.58;-4.43
12601031;Lübarser Straße;3310;1.06;24.89;2.27;52.13;29.94;13.44;0.87;64.94;30.27;85.59;75.63;15.03;0.11;5.31
12601032;Rollbergesiedlung;5922;3.71;32.78;11.96;70.65;49.95;31.29;1.48;72.64;56.03;99.75;65.45;16.24;-0.45;-1.64
12601133;Treuenbrietzener Straße;11610;5.27;35.22;10.08;74.37;52.70;26.33;0.97;71.21;43.32;100.00;71.70;13.31;-0.26;-0.64
12601134;Märkisches Zentrum;14722;4.92;33.69;5.82;69.56;45.65;22.81;2.67;75.91;41.73;74.01;70.65;13.97;1.04;2.89
12601235;Dannenwalder Weg;10656;4.65;31.69;7.81;78.87;57.78;30.47;1.97;77.95;46.87;84.04;72.83;14.93;-0.08;1.55
12601236;Schorfheidestraße;3131;1.46;19.64;2.69;69.96;42.83;18.05;-0.12;74.51;18.39;8.14;73.86;16.08;0.54;-0.58